word_id	page	xmin	ymin	xmax	ymax	path
305-01-01	305	1715	57	1987	149	../KWS-competition/cropped_words/305-01-01.png
305-02-01	305	269	102	546	219	../KWS-competition/cropped_words/305-02-01.png
305-02-02	305	514	119	801	224	../KWS-competition/cropped_words/305-02-02.png
305-02-03	305	775	131	1013	228	../KWS-competition/cropped_words/305-02-03.png
305-02-04	305	963	128	1541	239	../KWS-competition/cropped_words/305-02-04.png
305-02-05	305	1530	145	1917	246	../KWS-competition/cropped_words/305-02-05.png
305-02-06	305	1873	149	2012	249	../KWS-competition/cropped_words/305-02-06.png
305-04-01	305	277	307	405	404	../KWS-competition/cropped_words/305-04-01.png
305-04-02	305	302	307	450	430	../KWS-competition/cropped_words/305-04-02.png
305-04-03	305	423	307	531	393	../KWS-competition/cropped_words/305-04-03.png
305-04-04	305	499	307	611	402	../KWS-competition/cropped_words/305-04-04.png
305-04-05	305	563	299	852	435	../KWS-competition/cropped_words/305-04-05.png
305-04-06	305	813	293	1077	401	../KWS-competition/cropped_words/305-04-06.png
305-04-07	305	1049	291	1211	402	../KWS-competition/cropped_words/305-04-07.png
305-04-08	305	1100	293	1293	405	../KWS-competition/cropped_words/305-04-08.png
305-04-09	305	1271	293	1445	406	../KWS-competition/cropped_words/305-04-09.png
305-04-10	305	1360	295	1496	408	../KWS-competition/cropped_words/305-04-10.png
305-04-11	305	1472	297	2003	416	../KWS-competition/cropped_words/305-04-11.png
305-05-01	305	275	390	479	477	../KWS-competition/cropped_words/305-05-01.png
305-05-02	305	460	393	815	481	../KWS-competition/cropped_words/305-05-02.png
305-05-03	305	773	379	926	502	../KWS-competition/cropped_words/305-05-03.png
305-05-04	305	879	384	1259	487	../KWS-competition/cropped_words/305-05-04.png
305-05-05	305	1243	387	1456	490	../KWS-competition/cropped_words/305-05-05.png
305-05-06	305	1435	408	1657	493	../KWS-competition/cropped_words/305-05-06.png
305-05-07	305	1628	411	1875	496	../KWS-competition/cropped_words/305-05-07.png
305-05-08	305	1854	414	1994	497	../KWS-competition/cropped_words/305-05-08.png
305-06-01	305	275	475	497	568	../KWS-competition/cropped_words/305-06-01.png
305-06-02	305	439	478	795	584	../KWS-competition/cropped_words/305-06-02.png
305-06-03	305	776	483	1037	569	../KWS-competition/cropped_words/305-06-03.png
305-06-04	305	1008	485	1271	571	../KWS-competition/cropped_words/305-06-04.png
305-06-05	305	1228	488	1371	588	../KWS-competition/cropped_words/305-06-05.png
305-06-06	305	1317	489	1614	587	../KWS-competition/cropped_words/305-06-06.png
305-06-07	305	1602	492	1707	575	../KWS-competition/cropped_words/305-06-07.png
305-06-08	305	1685	494	2004	591	../KWS-competition/cropped_words/305-06-08.png
305-07-01	305	275	562	475	650	../KWS-competition/cropped_words/305-07-01.png
305-07-02	305	415	564	645	665	../KWS-competition/cropped_words/305-07-02.png
305-07-03	305	643	566	786	653	../KWS-competition/cropped_words/305-07-03.png
305-07-04	305	776	548	1025	675	../KWS-competition/cropped_words/305-07-04.png
305-08-01	305	771	634	904	735	../KWS-competition/cropped_words/305-08-01.png
305-08-02	305	871	655	1108	737	../KWS-competition/cropped_words/305-08-02.png
305-08-03	305	1059	656	1289	759	../KWS-competition/cropped_words/305-08-03.png
305-08-04	305	1258	658	1439	780	../KWS-competition/cropped_words/305-08-04.png
305-08-05	305	1374	660	1650	763	../KWS-competition/cropped_words/305-08-05.png
305-08-06	305	1630	663	1761	745	../KWS-competition/cropped_words/305-08-06.png
305-08-07	305	1735	665	1822	745	../KWS-competition/cropped_words/305-08-07.png
305-08-08	305	1809	666	1982	747	../KWS-competition/cropped_words/305-08-08.png
305-09-01	305	263	743	446	826	../KWS-competition/cropped_words/305-09-01.png
305-09-02	305	420	740	560	827	../KWS-competition/cropped_words/305-09-02.png
305-09-03	305	545	742	763	830	../KWS-competition/cropped_words/305-09-03.png
305-09-04	305	735	734	846	831	../KWS-competition/cropped_words/305-09-04.png
305-09-05	305	802	735	1130	835	../KWS-competition/cropped_words/305-09-05.png
305-09-06	305	1070	739	1216	837	../KWS-competition/cropped_words/305-09-06.png
305-09-07	305	1210	739	1335	838	../KWS-competition/cropped_words/305-09-07.png
305-09-08	305	1309	741	1612	842	../KWS-competition/cropped_words/305-09-08.png
305-09-09	305	1590	743	1809	845	../KWS-competition/cropped_words/305-09-09.png
305-09-10	305	1767	745	1979	847	../KWS-competition/cropped_words/305-09-10.png
305-10-01	305	272	824	449	901	../KWS-competition/cropped_words/305-10-01.png
305-10-02	305	390	807	541	903	../KWS-competition/cropped_words/305-10-02.png
305-10-03	305	514	808	747	905	../KWS-competition/cropped_words/305-10-03.png
305-10-04	305	698	811	925	908	../KWS-competition/cropped_words/305-10-04.png
305-10-05	305	898	833	1095	910	../KWS-competition/cropped_words/305-10-05.png
305-10-06	305	1081	835	1191	912	../KWS-competition/cropped_words/305-10-06.png
305-10-07	305	1182	818	1428	915	../KWS-competition/cropped_words/305-10-07.png
305-10-08	305	1399	821	1510	915	../KWS-competition/cropped_words/305-10-08.png
305-10-09	305	1447	821	1748	919	../KWS-competition/cropped_words/305-10-09.png
305-10-10	305	1730	844	1850	920	../KWS-competition/cropped_words/305-10-10.png
305-10-11	305	1842	846	1982	922	../KWS-competition/cropped_words/305-10-11.png
305-11-01	305	268	900	622	1014	../KWS-competition/cropped_words/305-11-01.png
305-11-02	305	607	904	903	998	../KWS-competition/cropped_words/305-11-02.png
305-11-03	305	849	908	1144	1001	../KWS-competition/cropped_words/305-11-03.png
305-11-04	305	1109	911	1447	1043	../KWS-competition/cropped_words/305-11-04.png
305-11-05	305	1412	915	1599	1007	../KWS-competition/cropped_words/305-11-05.png
305-11-06	305	1569	917	1904	1010	../KWS-competition/cropped_words/305-11-06.png
305-11-07	305	1868	921	2007	1012	../KWS-competition/cropped_words/305-11-07.png
305-12-01	305	265	991	556	1081	../KWS-competition/cropped_words/305-12-01.png
305-12-02	305	543	995	688	1082	../KWS-competition/cropped_words/305-12-02.png
305-12-03	305	629	996	973	1102	../KWS-competition/cropped_words/305-12-03.png
305-12-04	305	961	1000	1110	1088	../KWS-competition/cropped_words/305-12-04.png
305-12-05	305	1087	1001	1258	1089	../KWS-competition/cropped_words/305-12-05.png
305-12-06	305	1220	1004	1751	1112	../KWS-competition/cropped_words/305-12-06.png
305-12-07	305	1711	1009	1869	1097	../KWS-competition/cropped_words/305-12-07.png
305-12-08	305	1834	1010	1998	1098	../KWS-competition/cropped_words/305-12-08.png
305-13-01	305	270	1059	445	1173	../KWS-competition/cropped_words/305-13-01.png
305-13-02	305	409	1080	586	1175	../KWS-competition/cropped_words/305-13-02.png
305-13-03	305	582	1063	776	1196	../KWS-competition/cropped_words/305-13-03.png
305-13-04	305	762	1065	988	1180	../KWS-competition/cropped_words/305-13-04.png
305-13-05	305	975	1086	1375	1184	../KWS-competition/cropped_words/305-13-05.png
305-13-06	305	1339	1092	1515	1186	../KWS-competition/cropped_words/305-13-06.png
305-13-07	305	1479	1075	1648	1187	../KWS-competition/cropped_words/305-13-07.png
305-13-08	305	1595	1088	1819	1187	../KWS-competition/cropped_words/305-13-08.png
305-13-09	305	1812	1097	1949	1175	../KWS-competition/cropped_words/305-13-09.png
305-14-01	305	285	1155	712	1284	../KWS-competition/cropped_words/305-14-01.png
305-14-02	305	699	1176	808	1247	../KWS-competition/cropped_words/305-14-02.png
305-14-03	305	795	1160	1037	1249	../KWS-competition/cropped_words/305-14-03.png
305-14-04	305	995	1181	1121	1250	../KWS-competition/cropped_words/305-14-04.png
305-14-05	305	1105	1163	1287	1251	../KWS-competition/cropped_words/305-14-05.png
305-14-06	305	1233	1183	1447	1271	../KWS-competition/cropped_words/305-14-06.png
305-14-07	305	1423	1166	1568	1253	../KWS-competition/cropped_words/305-14-07.png
305-14-08	305	1521	1165	1885	1275	../KWS-competition/cropped_words/305-14-08.png
305-14-09	305	1864	1174	2000	1257	../KWS-competition/cropped_words/305-14-09.png
305-15-01	305	276	1243	515	1333	../KWS-competition/cropped_words/305-15-01.png
305-15-02	305	459	1245	659	1335	../KWS-competition/cropped_words/305-15-02.png
305-15-03	305	635	1246	845	1337	../KWS-competition/cropped_words/305-15-03.png
305-15-04	305	829	1248	957	1337	../KWS-competition/cropped_words/305-15-04.png
305-15-05	305	905	1249	1250	1340	../KWS-competition/cropped_words/305-15-05.png
305-15-06	305	1209	1251	1524	1343	../KWS-competition/cropped_words/305-15-06.png
305-15-07	305	1562	1254	1742	1345	../KWS-competition/cropped_words/305-15-07.png
305-15-08	305	1708	1255	1984	1348	../KWS-competition/cropped_words/305-15-08.png
305-16-01	305	272	1331	705	1424	../KWS-competition/cropped_words/305-16-01.png
305-16-02	305	681	1335	1291	1433	../KWS-competition/cropped_words/305-16-02.png
305-16-03	305	1258	1341	1500	1437	../KWS-competition/cropped_words/305-16-03.png
305-16-04	305	1466	1343	1589	1458	../KWS-competition/cropped_words/305-16-04.png
305-16-05	305	1565	1344	1745	1441	../KWS-competition/cropped_words/305-16-05.png
305-16-06	305	1709	1345	2003	1465	../KWS-competition/cropped_words/305-16-06.png
305-17-01	305	272	1417	502	1511	../KWS-competition/cropped_words/305-17-01.png
305-17-02	305	492	1421	846	1534	../KWS-competition/cropped_words/305-17-02.png
305-17-03	305	807	1426	1117	1540	../KWS-competition/cropped_words/305-17-03.png
305-17-04	305	1066	1431	1227	1523	../KWS-competition/cropped_words/305-17-04.png
305-17-05	305	1165	1433	1352	1525	../KWS-competition/cropped_words/305-17-05.png
305-17-06	305	1298	1435	1740	1533	../KWS-competition/cropped_words/305-17-06.png
305-17-07	305	1708	1442	1988	1538	../KWS-competition/cropped_words/305-17-07.png
305-18-01	305	279	1507	432	1595	../KWS-competition/cropped_words/305-18-01.png
305-18-02	305	417	1509	676	1598	../KWS-competition/cropped_words/305-18-02.png
305-18-03	305	664	1496	1004	1621	../KWS-competition/cropped_words/305-18-03.png
305-18-04	305	968	1521	1301	1609	../KWS-competition/cropped_words/305-18-04.png
305-18-05	305	1254	1525	1474	1609	../KWS-competition/cropped_words/305-18-05.png
305-18-06	305	1445	1528	1635	1611	../KWS-competition/cropped_words/305-18-06.png
305-18-07	305	1606	1531	1982	1616	../KWS-competition/cropped_words/305-18-07.png
305-19-01	305	267	1593	545	1676	../KWS-competition/cropped_words/305-19-01.png
305-19-02	305	496	1596	747	1679	../KWS-competition/cropped_words/305-19-02.png
305-19-03	305	700	1599	875	1681	../KWS-competition/cropped_words/305-19-03.png
305-19-04	305	841	1597	1109	1685	../KWS-competition/cropped_words/305-19-04.png
305-19-05	305	1060	1604	1215	1687	../KWS-competition/cropped_words/305-19-05.png
305-19-06	305	1160	1587	1407	1691	../KWS-competition/cropped_words/305-19-06.png
305-19-07	305	1398	1608	1540	1693	../KWS-competition/cropped_words/305-19-07.png
305-19-08	305	1537	1610	1690	1695	../KWS-competition/cropped_words/305-19-08.png
305-19-09	305	1656	1612	1858	1699	../KWS-competition/cropped_words/305-19-09.png
305-19-10	305	1825	1614	1973	1700	../KWS-competition/cropped_words/305-19-10.png
305-20-01	305	271	1672	750	1794	../KWS-competition/cropped_words/305-20-01.png
305-20-02	305	908	1664	1121	1785	../KWS-competition/cropped_words/305-20-02.png
305-20-03	305	1085	1670	1374	1771	../KWS-competition/cropped_words/305-20-03.png
305-20-04	305	1361	1690	1550	1793	../KWS-competition/cropped_words/305-20-04.png
305-20-05	305	1505	1693	1994	1798	../KWS-competition/cropped_words/305-20-05.png
305-21-01	305	271	1751	382	1839	../KWS-competition/cropped_words/305-21-01.png
305-21-02	305	328	1753	531	1870	../KWS-competition/cropped_words/305-21-02.png
305-21-03	305	529	1755	872	1851	../KWS-competition/cropped_words/305-21-03.png
305-21-04	305	857	1744	1130	1849	../KWS-competition/cropped_words/305-21-04.png
305-21-05	305	1111	1767	1330	1851	../KWS-competition/cropped_words/305-21-05.png
305-21-06	305	1302	1770	1591	1857	../KWS-competition/cropped_words/305-21-06.png
305-21-07	305	1581	1775	1771	1853	../KWS-competition/cropped_words/305-21-07.png
305-21-08	305	1753	1778	1955	1856	../KWS-competition/cropped_words/305-21-08.png
305-22-01	305	1454	1845	1764	1964	../KWS-competition/cropped_words/305-22-01.png
305-23-01	305	290	1922	447	2011	../KWS-competition/cropped_words/305-23-01.png
305-23-02	305	396	1923	582	2013	../KWS-competition/cropped_words/305-23-02.png
305-23-03	305	558	1925	1009	2019	../KWS-competition/cropped_words/305-23-03.png
305-23-04	305	983	1925	1087	2019	../KWS-competition/cropped_words/305-23-04.png
305-23-05	305	1017	1925	1359	2024	../KWS-competition/cropped_words/305-23-05.png
305-24-01	305	268	2010	479	2095	../KWS-competition/cropped_words/305-24-01.png
305-24-02	305	456	2012	641	2097	../KWS-competition/cropped_words/305-24-02.png
305-24-03	305	594	2014	784	2117	../KWS-competition/cropped_words/305-24-03.png
305-24-04	305	752	2016	1002	2119	../KWS-competition/cropped_words/305-24-04.png
305-24-05	305	993	2019	1147	2109	../KWS-competition/cropped_words/305-24-05.png
305-24-06	305	1082	2021	1298	2143	../KWS-competition/cropped_words/305-24-06.png
305-24-07	305	1259	2023	1383	2125	../KWS-competition/cropped_words/305-24-07.png
305-25-01	305	261	2093	402	2182	../KWS-competition/cropped_words/305-25-01.png
305-25-02	305	398	2095	861	2185	../KWS-competition/cropped_words/305-25-02.png
305-25-03	305	814	2100	1150	2188	../KWS-competition/cropped_words/305-25-03.png
305-25-04	305	1118	2103	1281	2189	../KWS-competition/cropped_words/305-25-04.png
305-25-05	305	1266	2105	1502	2203	../KWS-competition/cropped_words/305-25-05.png
305-26-01	305	312	2182	541	2290	../KWS-competition/cropped_words/305-26-01.png
305-26-02	305	483	2183	785	2290	../KWS-competition/cropped_words/305-26-02.png
305-26-03	305	775	2185	884	2284	../KWS-competition/cropped_words/305-26-03.png
305-26-04	305	864	2186	1039	2270	../KWS-competition/cropped_words/305-26-04.png
305-26-05	305	1018	2187	1182	2270	../KWS-competition/cropped_words/305-26-05.png
305-26-06	305	1141	2188	1298	2269	../KWS-competition/cropped_words/305-26-06.png
305-26-07	305	1285	2189	1499	2265	../KWS-competition/cropped_words/305-26-07.png
305-27-01	305	266	2250	455	2343	../KWS-competition/cropped_words/305-27-01.png
305-27-02	305	455	2270	800	2344	../KWS-competition/cropped_words/305-27-02.png
305-28-01	305	374	2342	957	2434	../KWS-competition/cropped_words/305-28-01.png
305-28-02	305	918	2323	1364	2436	../KWS-competition/cropped_words/305-28-02.png
305-28-03	305	1348	2307	1485	2436	../KWS-competition/cropped_words/305-28-03.png
305-28-04	305	1412	2340	1621	2437	../KWS-competition/cropped_words/305-28-04.png
305-30-01	305	195	2480	310	2594	../KWS-competition/cropped_words/305-30-01.png
305-30-02	305	271	2493	435	2597	../KWS-competition/cropped_words/305-30-02.png
305-30-03	305	401	2495	968	2610	../KWS-competition/cropped_words/305-30-03.png
305-30-04	305	894	2510	1228	2643	../KWS-competition/cropped_words/305-30-04.png
305-30-05	305	1218	2521	1559	2638	../KWS-competition/cropped_words/305-30-05.png
305-31-01	305	501	2605	657	2683	../KWS-competition/cropped_words/305-31-01.png
305-31-02	305	634	2588	1374	2728	../KWS-competition/cropped_words/305-31-02.png
305-32-01	305	623	2703	882	2773	../KWS-competition/cropped_words/305-32-01.png
305-32-02	305	851	2704	950	2786	../KWS-competition/cropped_words/305-32-02.png
305-32-03	305	926	2705	1305	2819	../KWS-competition/cropped_words/305-32-03.png
305-32-04	305	1292	2709	1426	2801	../KWS-competition/cropped_words/305-32-04.png
305-32-05	305	1365	2698	1571	2783	../KWS-competition/cropped_words/305-32-05.png
305-32-06	305	1550	2712	1648	2784	../KWS-competition/cropped_words/305-32-06.png
305-32-07	305	1625	2713	1947	2788	../KWS-competition/cropped_words/305-32-07.png
305-32-08	305	1904	2720	1994	2790	../KWS-competition/cropped_words/305-32-08.png
305-33-01	305	284	2770	496	2867	../KWS-competition/cropped_words/305-33-01.png
305-33-02	305	450	2770	975	2875	../KWS-competition/cropped_words/305-33-02.png
305-33-03	305	948	2776	1099	2877	../KWS-competition/cropped_words/305-33-03.png
305-33-04	305	1089	2777	1375	2901	../KWS-competition/cropped_words/305-33-04.png
305-33-05	305	1366	2781	1509	2884	../KWS-competition/cropped_words/305-33-05.png
305-33-06	305	1487	2783	1883	2890	../KWS-competition/cropped_words/305-33-06.png
305-33-07	305	1871	2788	1994	2891	../KWS-competition/cropped_words/305-33-07.png
305-34-01	305	280	2865	490	2958	../KWS-competition/cropped_words/305-34-01.png
305-34-02	305	450	2868	901	2966	../KWS-competition/cropped_words/305-34-02.png
305-34-03	305	893	2874	1004	2966	../KWS-competition/cropped_words/305-34-03.png
305-34-04	305	959	2860	1347	2972	../KWS-competition/cropped_words/305-34-04.png
305-34-05	305	1347	2881	1469	2974	../KWS-competition/cropped_words/305-34-05.png
305-34-06	305	1434	2883	1679	2977	../KWS-competition/cropped_words/305-34-06.png
305-34-07	305	1646	2887	1795	2980	../KWS-competition/cropped_words/305-34-07.png
305-34-08	305	1795	2889	1981	2982	../KWS-competition/cropped_words/305-34-08.png
305-35-01	305	282	2956	494	3043	../KWS-competition/cropped_words/305-35-01.png
305-35-02	305	463	2959	674	3046	../KWS-competition/cropped_words/305-35-02.png
305-35-03	305	654	2962	867	3049	../KWS-competition/cropped_words/305-35-03.png
305-35-04	305	860	2965	1094	3052	../KWS-competition/cropped_words/305-35-04.png
305-35-05	305	1034	2950	1208	3053	../KWS-competition/cropped_words/305-35-05.png
305-35-06	305	1118	2950	1378	3057	../KWS-competition/cropped_words/305-35-06.png
305-35-07	305	1349	2954	1606	3061	../KWS-competition/cropped_words/305-35-07.png
305-35-08	305	1589	2977	1759	3064	../KWS-competition/cropped_words/305-35-08.png
305-35-09	305	1749	2979	1994	3068	../KWS-competition/cropped_words/305-35-09.png
305-36-01	305	284	3040	461	3127	../KWS-competition/cropped_words/305-36-01.png
305-36-02	305	412	3043	669	3145	../KWS-competition/cropped_words/305-36-02.png
305-36-03	305	656	3046	858	3134	../KWS-competition/cropped_words/305-36-03.png
305-36-04	305	841	3049	1072	3130	../KWS-competition/cropped_words/305-36-04.png
305-36-05	305	1046	3034	1318	3127	../KWS-competition/cropped_words/305-36-05.png
305-36-06	305	1259	3038	1375	3131	../KWS-competition/cropped_words/305-36-06.png
305-36-07	305	1308	3038	1547	3146	../KWS-competition/cropped_words/305-36-07.png
305-36-08	305	1535	3061	1878	3152	../KWS-competition/cropped_words/305-36-08.png
305-36-09	305	1844	3047	1992	3133	../KWS-competition/cropped_words/305-36-09.png
306-01-01	306	62	116	256	201	../KWS-competition/cropped_words/306-01-01.png
306-01-02	306	217	100	530	203	../KWS-competition/cropped_words/306-01-02.png
306-01-03	306	528	120	836	205	../KWS-competition/cropped_words/306-01-03.png
306-01-04	306	809	119	997	206	../KWS-competition/cropped_words/306-01-04.png
306-01-05	306	963	110	1575	227	../KWS-competition/cropped_words/306-01-05.png
306-01-06	306	1563	125	1840	232	../KWS-competition/cropped_words/306-01-06.png
306-01-07	306	1817	134	1958	214	../KWS-competition/cropped_words/306-01-07.png
306-03-01	306	230	284	392	388	../KWS-competition/cropped_words/306-03-01.png
306-03-02	306	380	286	611	390	../KWS-competition/cropped_words/306-03-02.png
306-03-03	306	583	292	724	391	../KWS-competition/cropped_words/306-03-03.png
306-03-04	306	702	298	859	398	../KWS-competition/cropped_words/306-03-04.png
306-03-05	306	805	299	985	398	../KWS-competition/cropped_words/306-03-05.png
306-03-06	306	954	292	1288	396	../KWS-competition/cropped_words/306-03-06.png
306-03-07	306	1241	318	1455	416	../KWS-competition/cropped_words/306-03-07.png
306-03-08	306	1438	320	1673	419	../KWS-competition/cropped_words/306-03-08.png
306-03-09	306	1621	326	1884	400	../KWS-competition/cropped_words/306-03-09.png
306-04-01	306	240	387	403	465	../KWS-competition/cropped_words/306-04-01.png
306-04-02	306	364	388	485	465	../KWS-competition/cropped_words/306-04-02.png
306-04-03	306	473	371	738	486	../KWS-competition/cropped_words/306-04-03.png
306-04-04	306	671	378	1083	468	../KWS-competition/cropped_words/306-04-04.png
306-04-05	306	1055	375	1338	469	../KWS-competition/cropped_words/306-04-05.png
306-04-06	306	1318	397	1455	470	../KWS-competition/cropped_words/306-04-06.png
306-04-07	306	1442	378	1635	470	../KWS-competition/cropped_words/306-04-07.png
306-04-08	306	1600	399	1801	471	../KWS-competition/cropped_words/306-04-08.png
306-05-01	306	241	464	415	549	../KWS-competition/cropped_words/306-05-01.png
306-05-02	306	396	465	559	550	../KWS-competition/cropped_words/306-05-02.png
306-05-03	306	549	466	758	550	../KWS-competition/cropped_words/306-05-03.png
306-05-04	306	736	467	920	571	../KWS-competition/cropped_words/306-05-04.png
306-05-05	306	908	467	1104	552	../KWS-competition/cropped_words/306-05-05.png
306-05-06	306	1035	468	1471	572	../KWS-competition/cropped_words/306-05-06.png
306-05-07	306	1463	470	1552	554	../KWS-competition/cropped_words/306-05-07.png
306-05-08	306	1530	470	1875	575	../KWS-competition/cropped_words/306-05-08.png
306-06-01	306	236	548	357	638	../KWS-competition/cropped_words/306-06-01.png
306-06-02	306	349	549	455	638	../KWS-competition/cropped_words/306-06-02.png
306-06-03	306	448	549	950	660	../KWS-competition/cropped_words/306-06-03.png
306-06-04	306	931	551	1062	641	../KWS-competition/cropped_words/306-06-04.png
306-06-05	306	1021	552	1370	661	../KWS-competition/cropped_words/306-06-05.png
306-06-06	306	1337	553	1476	643	../KWS-competition/cropped_words/306-06-06.png
306-06-07	306	1446	554	1655	644	../KWS-competition/cropped_words/306-06-07.png
306-06-08	306	1610	554	1738	644	../KWS-competition/cropped_words/306-06-08.png
306-06-09	306	1689	555	1820	644	../KWS-competition/cropped_words/306-06-09.png
306-07-01	306	229	618	424	742	../KWS-competition/cropped_words/306-07-01.png
306-07-02	306	334	638	580	762	../KWS-competition/cropped_words/306-07-02.png
306-07-03	306	570	639	833	718	../KWS-competition/cropped_words/306-07-03.png
306-07-04	306	788	620	1024	719	../KWS-competition/cropped_words/306-07-04.png
306-07-05	306	972	641	1210	720	../KWS-competition/cropped_words/306-07-05.png
306-07-06	306	1180	642	1494	742	../KWS-competition/cropped_words/306-07-06.png
306-07-07	306	1457	643	1814	743	../KWS-competition/cropped_words/306-07-07.png
306-08-01	306	235	714	451	799	../KWS-competition/cropped_words/306-08-01.png
306-08-02	306	414	716	666	802	../KWS-competition/cropped_words/306-08-02.png
306-08-03	306	653	717	959	805	../KWS-competition/cropped_words/306-08-03.png
306-08-04	306	911	719	1110	807	../KWS-competition/cropped_words/306-08-04.png
306-08-05	306	1095	720	1297	809	../KWS-competition/cropped_words/306-08-05.png
306-08-06	306	1259	703	1579	811	../KWS-competition/cropped_words/306-08-06.png
306-08-07	306	1498	723	1745	832	../KWS-competition/cropped_words/306-08-07.png
306-09-01	306	222	797	822	905	../KWS-competition/cropped_words/306-09-01.png
306-09-02	306	796	804	961	888	../KWS-competition/cropped_words/306-09-02.png
306-09-03	306	924	805	1108	890	../KWS-competition/cropped_words/306-09-03.png
306-09-04	306	1098	807	1237	899	../KWS-competition/cropped_words/306-09-04.png
306-09-05	306	1130	808	1301	912	../KWS-competition/cropped_words/306-09-05.png
306-09-06	306	1254	809	1445	914	../KWS-competition/cropped_words/306-09-06.png
306-09-07	306	1430	811	1605	897	../KWS-competition/cropped_words/306-09-07.png
306-09-08	306	1602	813	1673	898	../KWS-competition/cropped_words/306-09-08.png
306-09-09	306	1672	813	1879	901	../KWS-competition/cropped_words/306-09-09.png
306-10-01	306	229	879	396	991	../KWS-competition/cropped_words/306-10-01.png
306-10-02	306	384	881	661	974	../KWS-competition/cropped_words/306-10-02.png
306-10-03	306	615	885	887	977	../KWS-competition/cropped_words/306-10-03.png
306-10-04	306	859	888	1059	979	../KWS-competition/cropped_words/306-10-04.png
306-10-05	306	1026	890	1313	982	../KWS-competition/cropped_words/306-10-05.png
306-10-06	306	1268	894	1556	984	../KWS-competition/cropped_words/306-10-06.png
306-10-07	306	1499	897	1646	986	../KWS-competition/cropped_words/306-10-07.png
306-10-08	306	1641	898	1773	988	../KWS-competition/cropped_words/306-10-08.png
306-10-09	306	1771	900	1846	988	../KWS-competition/cropped_words/306-10-09.png
306-11-01	306	220	969	305	1054	../KWS-competition/cropped_words/306-11-01.png
306-11-02	306	282	971	576	1057	../KWS-competition/cropped_words/306-11-02.png
306-11-03	306	555	973	744	1058	../KWS-competition/cropped_words/306-11-03.png
306-11-04	306	690	976	902	1078	../KWS-competition/cropped_words/306-11-04.png
306-11-05	306	872	978	1362	1082	../KWS-competition/cropped_words/306-11-05.png
306-11-06	306	1377	984	1621	1106	../KWS-competition/cropped_words/306-11-06.png
306-11-07	306	1598	986	1747	1069	../KWS-competition/cropped_words/306-11-07.png
306-11-08	306	1736	988	1838	1070	../KWS-competition/cropped_words/306-11-08.png
306-12-01	306	215	1053	532	1142	../KWS-competition/cropped_words/306-12-01.png
306-12-02	306	475	1056	611	1144	../KWS-competition/cropped_words/306-12-02.png
306-12-03	306	602	1057	1273	1170	../KWS-competition/cropped_words/306-12-03.png
306-12-04	306	1235	1064	1403	1153	../KWS-competition/cropped_words/306-12-04.png
306-12-05	306	1402	1067	1816	1157	../KWS-competition/cropped_words/306-12-05.png
306-13-01	306	210	1139	476	1246	../KWS-competition/cropped_words/306-13-01.png
306-13-02	306	442	1142	691	1229	../KWS-competition/cropped_words/306-13-02.png
306-13-03	306	657	1145	932	1252	../KWS-competition/cropped_words/306-13-03.png
306-13-04	306	922	1147	1131	1235	../KWS-competition/cropped_words/306-13-04.png
306-13-05	306	1125	1150	1385	1238	../KWS-competition/cropped_words/306-13-05.png
306-13-06	306	1335	1153	1642	1242	../KWS-competition/cropped_words/306-13-06.png
306-13-07	306	1640	1156	1836	1244	../KWS-competition/cropped_words/306-13-07.png
306-14-01	306	254	1226	457	1309	../KWS-competition/cropped_words/306-14-01.png
306-14-02	306	425	1226	590	1312	../KWS-competition/cropped_words/306-14-02.png
306-14-03	306	563	1228	898	1317	../KWS-competition/cropped_words/306-14-03.png
306-14-04	306	889	1232	1164	1322	../KWS-competition/cropped_words/306-14-04.png
306-14-05	306	1126	1236	1318	1325	../KWS-competition/cropped_words/306-14-05.png
306-14-06	306	1310	1238	1453	1327	../KWS-competition/cropped_words/306-14-06.png
306-14-07	306	1441	1239	1677	1349	../KWS-competition/cropped_words/306-14-07.png
306-14-08	306	1625	1242	1841	1334	../KWS-competition/cropped_words/306-14-08.png
306-15-01	306	219	1306	470	1394	../KWS-competition/cropped_words/306-15-01.png
306-15-02	306	444	1310	575	1385	../KWS-competition/cropped_words/306-15-02.png
306-15-03	306	555	1300	1246	1424	../KWS-competition/cropped_words/306-15-03.png
306-15-04	306	1206	1324	1559	1414	../KWS-competition/cropped_words/306-15-04.png
306-15-05	306	1519	1329	1694	1417	../KWS-competition/cropped_words/306-15-05.png
306-15-06	306	1664	1332	1834	1419	../KWS-competition/cropped_words/306-15-06.png
306-16-01	306	206	1391	359	1481	../KWS-competition/cropped_words/306-16-01.png
306-16-02	306	349	1380	536	1482	../KWS-competition/cropped_words/306-16-02.png
306-16-03	306	454	1380	847	1507	../KWS-competition/cropped_words/306-16-03.png
306-16-04	306	781	1402	1063	1491	../KWS-competition/cropped_words/306-16-04.png
306-16-05	306	1013	1407	1594	1510	../KWS-competition/cropped_words/306-16-05.png
306-16-06	306	1528	1415	1829	1499	../KWS-competition/cropped_words/306-16-06.png
306-17-01	306	207	1479	301	1562	../KWS-competition/cropped_words/306-17-01.png
306-17-02	306	262	1480	419	1564	../KWS-competition/cropped_words/306-17-02.png
306-17-03	306	404	1482	848	1587	../KWS-competition/cropped_words/306-17-03.png
306-17-04	306	814	1488	964	1570	../KWS-competition/cropped_words/306-17-04.png
306-17-05	306	924	1490	1314	1575	../KWS-competition/cropped_words/306-17-05.png
306-18-01	306	215	1561	404	1654	../KWS-competition/cropped_words/306-18-01.png
306-18-02	306	386	1564	739	1658	../KWS-competition/cropped_words/306-18-02.png
306-18-03	306	685	1568	827	1659	../KWS-competition/cropped_words/306-18-03.png
306-18-04	306	774	1569	970	1661	../KWS-competition/cropped_words/306-18-04.png
306-18-05	306	907	1571	1196	1664	../KWS-competition/cropped_words/306-18-05.png
306-18-06	306	1170	1573	1393	1666	../KWS-competition/cropped_words/306-18-06.png
306-18-07	306	1364	1576	1579	1669	../KWS-competition/cropped_words/306-18-07.png
306-18-08	306	1556	1578	1783	1672	../KWS-competition/cropped_words/306-18-08.png
306-19-01	306	202	1652	490	1739	../KWS-competition/cropped_words/306-19-01.png
306-19-02	306	479	1656	810	1745	../KWS-competition/cropped_words/306-19-02.png
306-19-03	306	770	1660	1282	1773	../KWS-competition/cropped_words/306-19-03.png
306-19-04	306	1249	1665	1544	1759	../KWS-competition/cropped_words/306-19-04.png
306-19-05	306	1507	1650	1689	1761	../KWS-competition/cropped_words/306-19-05.png
306-19-06	306	1650	1670	1810	1764	../KWS-competition/cropped_words/306-19-06.png
306-20-01	306	192	1735	476	1840	../KWS-competition/cropped_words/306-20-01.png
306-20-02	306	465	1739	702	1835	../KWS-competition/cropped_words/306-20-02.png
306-20-03	306	646	1744	804	1837	../KWS-competition/cropped_words/306-20-03.png
306-20-04	306	728	1746	1022	1843	../KWS-competition/cropped_words/306-20-04.png
306-20-05	306	1007	1750	1140	1844	../KWS-competition/cropped_words/306-20-05.png
306-20-06	306	1083	1752	1248	1847	../KWS-competition/cropped_words/306-20-06.png
306-20-07	306	1214	1754	1421	1855	../KWS-competition/cropped_words/306-20-07.png
306-20-08	306	1373	1757	1551	1857	../KWS-competition/cropped_words/306-20-08.png
306-20-09	306	1547	1741	1791	1842	../KWS-competition/cropped_words/306-20-09.png
306-21-01	306	197	1827	422	1909	../KWS-competition/cropped_words/306-21-01.png
306-21-02	306	392	1824	595	1931	../KWS-competition/cropped_words/306-21-02.png
306-21-03	306	579	1834	715	1913	../KWS-competition/cropped_words/306-21-03.png
306-21-04	306	666	1818	1042	1919	../KWS-competition/cropped_words/306-21-04.png
306-21-05	306	1014	1843	1144	1920	../KWS-competition/cropped_words/306-21-05.png
306-21-06	306	1096	1845	1271	1942	../KWS-competition/cropped_words/306-21-06.png
306-22-01	306	215	1906	797	2009	../KWS-competition/cropped_words/306-22-01.png
306-22-02	306	749	1897	1162	2015	../KWS-competition/cropped_words/306-22-02.png
306-22-03	306	1132	1902	1268	2016	../KWS-competition/cropped_words/306-22-03.png
306-22-04	306	1191	1924	1429	2034	../KWS-competition/cropped_words/306-22-04.png
306-24-01	306	150	2046	229	2145	../KWS-competition/cropped_words/306-24-01.png
306-24-02	306	201	2055	342	2151	../KWS-competition/cropped_words/306-24-02.png
306-24-03	306	305	2068	797	2180	../KWS-competition/cropped_words/306-24-03.png
306-24-04	306	747	2071	1122	2165	../KWS-competition/cropped_words/306-24-04.png
306-24-05	306	1070	2074	1504	2168	../KWS-competition/cropped_words/306-24-05.png
306-25-01	306	436	2160	629	2248	../KWS-competition/cropped_words/306-25-01.png
306-25-02	306	572	2161	1107	2254	../KWS-competition/cropped_words/306-25-02.png
306-26-01	306	611	2251	833	2372	../KWS-competition/cropped_words/306-26-01.png
306-26-02	306	804	2252	958	2335	../KWS-competition/cropped_words/306-26-02.png
306-26-03	306	946	2233	1248	2377	../KWS-competition/cropped_words/306-26-03.png
306-26-04	306	1201	2254	1557	2359	../KWS-competition/cropped_words/306-26-04.png
306-26-05	306	1524	2258	1645	2342	../KWS-competition/cropped_words/306-26-05.png
306-26-06	306	1600	2261	1815	2344	../KWS-competition/cropped_words/306-26-06.png
306-27-01	306	191	2332	510	2440	../KWS-competition/cropped_words/306-27-01.png
306-27-02	306	436	2339	595	2423	../KWS-competition/cropped_words/306-27-02.png
306-27-03	306	522	2341	690	2424	../KWS-competition/cropped_words/306-27-03.png
306-27-04	306	672	2333	1074	2428	../KWS-competition/cropped_words/306-27-04.png
306-27-05	306	932	2337	1191	2431	../KWS-competition/cropped_words/306-27-05.png
306-27-06	306	1177	2338	1303	2432	../KWS-competition/cropped_words/306-27-06.png
306-27-07	306	1258	2339	1708	2440	../KWS-competition/cropped_words/306-27-07.png
306-27-08	306	1645	2343	1777	2458	../KWS-competition/cropped_words/306-27-08.png
306-28-01	306	183	2399	593	2530	../KWS-competition/cropped_words/306-28-01.png
306-28-02	306	507	2423	794	2553	../KWS-competition/cropped_words/306-28-02.png
306-28-03	306	759	2426	1068	2520	../KWS-competition/cropped_words/306-28-03.png
306-28-04	306	1036	2411	1289	2523	../KWS-competition/cropped_words/306-28-04.png
306-28-05	306	1202	2433	1442	2543	../KWS-competition/cropped_words/306-28-05.png
306-28-06	306	1417	2435	1688	2529	../KWS-competition/cropped_words/306-28-06.png
306-28-07	306	1656	2438	1877	2532	../KWS-competition/cropped_words/306-28-07.png
306-29-01	306	184	2508	271	2590	../KWS-competition/cropped_words/306-29-01.png
306-29-02	306	228	2510	542	2605	../KWS-competition/cropped_words/306-29-02.png
306-29-03	306	532	2515	1081	2618	../KWS-competition/cropped_words/306-29-03.png
306-29-04	306	1056	2521	1282	2618	../KWS-competition/cropped_words/306-29-04.png
306-29-05	306	1174	2524	1423	2628	../KWS-competition/cropped_words/306-29-05.png
306-29-06	306	1401	2507	1527	2623	../KWS-competition/cropped_words/306-29-06.png
306-29-07	306	1514	2527	1787	2627	../KWS-competition/cropped_words/306-29-07.png
306-30-01	306	630	2573	1035	2705	../KWS-competition/cropped_words/306-30-01.png
306-30-02	306	945	2598	1193	2718	../KWS-competition/cropped_words/306-30-02.png
306-30-03	306	1162	2601	1335	2693	../KWS-competition/cropped_words/306-30-03.png
306-30-04	306	1319	2621	1513	2712	../KWS-competition/cropped_words/306-30-04.png
306-30-05	306	1473	2623	1825	2700	../KWS-competition/cropped_words/306-30-05.png
306-31-01	306	181	2680	335	2764	../KWS-competition/cropped_words/306-31-01.png
306-31-02	306	307	2663	774	2772	../KWS-competition/cropped_words/306-31-02.png
306-31-03	306	703	2685	1034	2791	../KWS-competition/cropped_words/306-31-03.png
306-31-04	306	1029	2689	1162	2777	../KWS-competition/cropped_words/306-31-04.png
306-31-05	306	1119	2691	1484	2782	../KWS-competition/cropped_words/306-31-05.png
306-31-06	306	1440	2695	1676	2785	../KWS-competition/cropped_words/306-31-06.png
306-31-07	306	1640	2698	1813	2788	../KWS-competition/cropped_words/306-31-07.png
306-32-01	306	164	2744	340	2844	../KWS-competition/cropped_words/306-32-01.png
306-32-02	306	318	2765	620	2847	../KWS-competition/cropped_words/306-32-02.png
306-32-03	306	609	2769	898	2850	../KWS-competition/cropped_words/306-32-03.png
306-32-04	306	864	2773	1092	2852	../KWS-competition/cropped_words/306-32-04.png
306-32-05	306	1061	2777	1318	2860	../KWS-competition/cropped_words/306-32-05.png
306-32-06	306	1248	2780	1521	2874	../KWS-competition/cropped_words/306-32-06.png
306-32-07	306	1508	2783	1618	2855	../KWS-competition/cropped_words/306-32-07.png
306-32-08	306	1590	2766	1730	2852	../KWS-competition/cropped_words/306-32-08.png
306-32-09	306	1716	2787	1806	2847	../KWS-competition/cropped_words/306-32-09.png
306-33-01	306	164	2843	344	2929	../KWS-competition/cropped_words/306-33-01.png
306-33-02	306	315	2844	579	2936	../KWS-competition/cropped_words/306-33-02.png
306-33-03	306	569	2847	706	2937	../KWS-competition/cropped_words/306-33-03.png
306-33-04	306	699	2848	864	2938	../KWS-competition/cropped_words/306-33-04.png
306-33-05	306	841	2850	950	2939	../KWS-competition/cropped_words/306-33-05.png
306-33-06	306	919	2851	1291	2962	../KWS-competition/cropped_words/306-33-06.png
306-33-07	306	1286	2855	1491	2932	../KWS-competition/cropped_words/306-33-07.png
306-34-01	306	1200	2922	1440	3021	../KWS-competition/cropped_words/306-34-01.png
306-35-01	306	172	3015	733	3092	../KWS-competition/cropped_words/306-35-01.png
306-35-02	306	708	3015	1138	3098	../KWS-competition/cropped_words/306-35-02.png
306-35-03	306	1108	3012	1235	3100	../KWS-competition/cropped_words/306-35-03.png
306-35-04	306	1190	3047	1381	3100	../KWS-competition/cropped_words/306-35-04.png
307-02-01	307	186	86	497	207	../KWS-competition/cropped_words/307-02-01.png
307-02-02	307	475	122	789	212	../KWS-competition/cropped_words/307-02-02.png
307-02-03	307	756	118	1021	215	../KWS-competition/cropped_words/307-02-03.png
307-02-04	307	971	117	1548	220	../KWS-competition/cropped_words/307-02-04.png
307-02-05	307	1545	133	1858	219	../KWS-competition/cropped_words/307-02-05.png
307-02-06	307	1854	137	1966	220	../KWS-competition/cropped_words/307-02-06.png
307-04-02	307	700	291	1210	384	../KWS-competition/cropped_words/307-04-02.png
307-04-03	307	1199	277	1581	379	../KWS-competition/cropped_words/307-04-03.png
307-04-04	307	1564	257	1719	376	../KWS-competition/cropped_words/307-04-04.png
307-04-05	307	1646	271	1903	394	../KWS-competition/cropped_words/307-04-05.png
307-05-01	307	704	382	881	478	../KWS-competition/cropped_words/307-05-01.png
307-05-02	307	820	379	1221	497	../KWS-competition/cropped_words/307-05-02.png
307-05-03	307	1154	378	1371	477	../KWS-competition/cropped_words/307-05-03.png
307-05-04	307	1337	376	1596	476	../KWS-competition/cropped_words/307-05-04.png
307-05-05	307	1574	374	1783	476	../KWS-competition/cropped_words/307-05-05.png
307-05-06	307	1771	373	1876	475	../KWS-competition/cropped_words/307-05-06.png
307-05-07	307	1850	373	1946	475	../KWS-competition/cropped_words/307-05-07.png
307-06-01	307	210	495	354	579	../KWS-competition/cropped_words/307-06-01.png
307-06-02	307	289	491	635	578	../KWS-competition/cropped_words/307-06-02.png
307-06-03	307	610	493	712	577	../KWS-competition/cropped_words/307-06-03.png
307-06-04	307	679	477	932	577	../KWS-competition/cropped_words/307-06-04.png
307-06-05	307	873	477	1006	576	../KWS-competition/cropped_words/307-06-05.png
307-06-06	307	953	476	1282	575	../KWS-competition/cropped_words/307-06-06.png
307-06-07	307	1263	476	1381	577	../KWS-competition/cropped_words/307-06-07.png
307-06-08	307	1377	476	1496	572	../KWS-competition/cropped_words/307-06-08.png
307-06-09	307	1432	475	1876	569	../KWS-competition/cropped_words/307-06-09.png
307-06-10	307	1863	475	1953	541	../KWS-competition/cropped_words/307-06-10.png
307-07-01	307	190	577	487	649	../KWS-competition/cropped_words/307-07-01.png
307-09-01	307	60	683	192	796	../KWS-competition/cropped_words/307-09-01.png
307-09-02	307	196	721	331	821	../KWS-competition/cropped_words/307-09-02.png
307-09-03	307	303	727	693	846	../KWS-competition/cropped_words/307-09-03.png
307-09-04	307	628	731	1112	837	../KWS-competition/cropped_words/307-09-04.png
307-09-05	307	1057	733	1209	836	../KWS-competition/cropped_words/307-09-05.png
307-09-06	307	1141	726	1302	836	../KWS-competition/cropped_words/307-09-06.png
307-09-07	307	1300	726	1645	855	../KWS-competition/cropped_words/307-09-07.png
307-09-08	307	1611	729	1957	834	../KWS-competition/cropped_words/307-09-08.png
307-10-01	307	703	836	888	945	../KWS-competition/cropped_words/307-10-01.png
307-10-02	307	880	836	1001	904	../KWS-competition/cropped_words/307-10-02.png
307-10-03	307	985	836	1082	904	../KWS-competition/cropped_words/307-10-03.png
307-10-04	307	1045	835	1177	915	../KWS-competition/cropped_words/307-10-04.png
307-10-05	307	1103	834	1517	941	../KWS-competition/cropped_words/307-10-05.png
307-10-06	307	1511	833	1754	921	../KWS-competition/cropped_words/307-10-06.png
307-10-07	307	1722	833	1832	920	../KWS-competition/cropped_words/307-10-07.png
307-10-08	307	1796	833	1926	900	../KWS-competition/cropped_words/307-10-08.png
307-11-01	307	205	926	484	1033	../KWS-competition/cropped_words/307-11-01.png
307-11-02	307	482	926	576	992	../KWS-competition/cropped_words/307-11-02.png
307-11-03	307	564	905	825	1009	../KWS-competition/cropped_words/307-11-03.png
307-11-04	307	740	904	956	1031	../KWS-competition/cropped_words/307-11-04.png
307-11-05	307	918	903	1201	1003	../KWS-competition/cropped_words/307-11-05.png
307-11-06	307	1161	902	1371	995	../KWS-competition/cropped_words/307-11-06.png
307-11-07	307	1341	902	1468	988	../KWS-competition/cropped_words/307-11-07.png
307-11-08	307	1458	901	1569	987	../KWS-competition/cropped_words/307-11-08.png
307-11-09	307	1521	901	1633	987	../KWS-competition/cropped_words/307-11-09.png
307-11-10	307	1631	900	1818	986	../KWS-competition/cropped_words/307-11-10.png
307-11-11	307	1758	899	1960	986	../KWS-competition/cropped_words/307-11-11.png
307-12-01	307	203	993	348	1071	../KWS-competition/cropped_words/307-12-01.png
307-12-02	307	337	992	485	1070	../KWS-competition/cropped_words/307-12-02.png
307-12-03	307	461	991	652	1089	../KWS-competition/cropped_words/307-12-03.png
307-12-04	307	622	991	764	1069	../KWS-competition/cropped_words/307-12-04.png
307-12-05	307	760	990	951	1068	../KWS-competition/cropped_words/307-12-05.png
307-12-06	307	987	989	1138	1086	../KWS-competition/cropped_words/307-12-06.png
307-12-07	307	1072	988	1290	1107	../KWS-competition/cropped_words/307-12-07.png
307-12-08	307	1203	988	1420	1099	../KWS-competition/cropped_words/307-12-08.png
307-12-09	307	1379	986	1749	1083	../KWS-competition/cropped_words/307-12-09.png
307-12-10	307	1718	986	1795	1061	../KWS-competition/cropped_words/307-12-10.png
307-12-11	307	1774	985	1957	1061	../KWS-competition/cropped_words/307-12-11.png
307-13-01	307	201	1071	317	1180	../KWS-competition/cropped_words/307-13-01.png
307-13-02	307	254	1070	436	1160	../KWS-competition/cropped_words/307-13-02.png
307-13-03	307	403	1066	934	1159	../KWS-competition/cropped_words/307-13-03.png
307-13-04	307	884	1066	1015	1175	../KWS-competition/cropped_words/307-13-04.png
307-13-05	307	945	1070	1096	1159	../KWS-competition/cropped_words/307-13-05.png
307-13-06	307	1036	1081	1248	1174	../KWS-competition/cropped_words/307-13-06.png
307-13-07	307	1226	1063	1491	1156	../KWS-competition/cropped_words/307-13-07.png
307-13-08	307	1395	1062	1612	1172	../KWS-competition/cropped_words/307-13-08.png
307-13-09	307	1605	1059	1956	1150	../KWS-competition/cropped_words/307-13-09.png
307-14-01	307	199	1159	425	1269	../KWS-competition/cropped_words/307-14-01.png
307-14-02	307	369	1158	574	1249	../KWS-competition/cropped_words/307-14-02.png
307-14-03	307	557	1156	853	1260	../KWS-competition/cropped_words/307-14-03.png
307-14-04	307	817	1155	1008	1288	../KWS-competition/cropped_words/307-14-04.png
307-14-05	307	1005	1154	1174	1248	../KWS-competition/cropped_words/307-14-05.png
307-14-06	307	1140	1152	1293	1255	../KWS-competition/cropped_words/307-14-06.png
307-14-07	307	1218	1150	1582	1268	../KWS-competition/cropped_words/307-14-07.png
307-14-08	307	1526	1150	1630	1267	../KWS-competition/cropped_words/307-14-08.png
307-14-09	307	1622	1150	1687	1247	../KWS-competition/cropped_words/307-14-09.png
307-14-10	307	1687	1148	1863	1247	../KWS-competition/cropped_words/307-14-10.png
307-14-11	307	1812	1148	1963	1247	../KWS-competition/cropped_words/307-14-11.png
307-15-01	307	197	1249	398	1326	../KWS-competition/cropped_words/307-15-01.png
307-15-02	307	318	1249	474	1346	../KWS-competition/cropped_words/307-15-02.png
307-15-03	307	431	1249	645	1366	../KWS-competition/cropped_words/307-15-03.png
307-15-04	307	616	1248	750	1327	../KWS-competition/cropped_words/307-15-04.png
307-15-05	307	733	1248	831	1327	../KWS-competition/cropped_words/307-15-05.png
307-15-06	307	808	1248	968	1327	../KWS-competition/cropped_words/307-15-06.png
307-15-07	307	945	1248	1145	1327	../KWS-competition/cropped_words/307-15-07.png
307-15-08	307	1113	1248	1278	1328	../KWS-competition/cropped_words/307-15-08.png
307-15-09	307	1244	1247	1611	1348	../KWS-competition/cropped_words/307-15-09.png
307-15-10	307	1593	1247	1694	1328	../KWS-competition/cropped_words/307-15-10.png
307-15-11	307	1677	1247	1826	1329	../KWS-competition/cropped_words/307-15-11.png
307-15-12	307	1798	1247	1957	1329	../KWS-competition/cropped_words/307-15-12.png
307-16-01	307	195	1326	308	1410	../KWS-competition/cropped_words/307-16-01.png
307-16-02	307	281	1326	459	1410	../KWS-competition/cropped_words/307-16-02.png
307-16-03	307	438	1326	628	1410	../KWS-competition/cropped_words/307-16-03.png
307-16-04	307	625	1327	850	1429	../KWS-competition/cropped_words/307-16-04.png
307-16-05	307	811	1327	990	1409	../KWS-competition/cropped_words/307-16-05.png
307-16-06	307	962	1327	1252	1409	../KWS-competition/cropped_words/307-16-06.png
307-16-07	307	1211	1328	1364	1409	../KWS-competition/cropped_words/307-16-07.png
307-16-08	307	1339	1328	1640	1408	../KWS-competition/cropped_words/307-16-08.png
307-16-09	307	1596	1328	1899	1428	../KWS-competition/cropped_words/307-16-09.png
307-16-10	307	1874	1329	1956	1407	../KWS-competition/cropped_words/307-16-10.png
307-17-01	307	193	1410	579	1500	../KWS-competition/cropped_words/307-17-01.png
307-17-02	307	573	1409	718	1501	../KWS-competition/cropped_words/307-17-02.png
307-17-03	307	677	1409	874	1501	../KWS-competition/cropped_words/307-17-03.png
307-17-04	307	855	1409	983	1519	../KWS-competition/cropped_words/307-17-04.png
307-17-05	307	920	1409	1124	1541	../KWS-competition/cropped_words/307-17-05.png
307-17-06	307	1098	1408	1367	1502	../KWS-competition/cropped_words/307-17-06.png
307-17-07	307	1347	1408	1470	1502	../KWS-competition/cropped_words/307-17-07.png
307-17-08	307	1444	1407	1846	1522	../KWS-competition/cropped_words/307-17-08.png
307-17-09	307	1828	1407	1959	1522	../KWS-competition/cropped_words/307-17-09.png
307-18-01	307	193	1500	330	1588	../KWS-competition/cropped_words/307-18-01.png
307-18-02	307	318	1500	441	1588	../KWS-competition/cropped_words/307-18-02.png
307-18-03	307	389	1500	663	1589	../KWS-competition/cropped_words/307-18-03.png
307-18-04	307	650	1500	812	1590	../KWS-competition/cropped_words/307-18-04.png
307-18-05	307	795	1501	1038	1610	../KWS-competition/cropped_words/307-18-05.png
307-18-06	307	1018	1501	1128	1590	../KWS-competition/cropped_words/307-18-06.png
307-18-07	307	1090	1501	1245	1591	../KWS-competition/cropped_words/307-18-07.png
307-18-08	307	1221	1501	1649	1612	../KWS-competition/cropped_words/307-18-08.png
307-18-09	307	1635	1502	1821	1592	../KWS-competition/cropped_words/307-18-09.png
307-18-10	307	1803	1502	1954	1589	../KWS-competition/cropped_words/307-18-10.png
307-19-01	307	193	1588	348	1670	../KWS-competition/cropped_words/307-19-01.png
307-19-02	307	320	1588	434	1671	../KWS-competition/cropped_words/307-19-02.png
307-19-03	307	413	1589	611	1672	../KWS-competition/cropped_words/307-19-03.png
307-19-04	307	584	1589	708	1674	../KWS-competition/cropped_words/307-19-04.png
307-19-05	307	689	1589	1001	1700	../KWS-competition/cropped_words/307-19-05.png
307-19-06	307	948	1590	1088	1680	../KWS-competition/cropped_words/307-19-06.png
307-19-07	307	1066	1590	1264	1680	../KWS-competition/cropped_words/307-19-07.png
307-20-01	307	704	1660	1008	1802	../KWS-competition/cropped_words/307-20-01.png
307-20-02	307	962	1680	1098	1755	../KWS-competition/cropped_words/307-20-02.png
307-20-03	307	1052	1680	1561	1757	../KWS-competition/cropped_words/307-20-03.png
307-20-04	307	1546	1679	1640	1756	../KWS-competition/cropped_words/307-20-04.png
307-20-05	307	1635	1679	1942	1753	../KWS-competition/cropped_words/307-20-05.png
307-21-01	307	737	1739	872	1838	../KWS-competition/cropped_words/307-21-01.png
307-21-02	307	834	1741	1009	1836	../KWS-competition/cropped_words/307-21-02.png
307-22-01	307	1156	1823	1348	1923	../KWS-competition/cropped_words/307-22-01.png
307-22-02	307	1338	1843	1521	1923	../KWS-competition/cropped_words/307-22-02.png
307-22-03	307	1486	1853	1609	1933	../KWS-competition/cropped_words/307-22-03.png
307-22-04	307	1596	1858	1861	1937	../KWS-competition/cropped_words/307-22-04.png
307-24-01	307	51	1987	190	2106	../KWS-competition/cropped_words/307-24-01.png
307-24-02	307	162	1992	320	2106	../KWS-competition/cropped_words/307-24-02.png
307-24-03	307	281	2007	775	2106	../KWS-competition/cropped_words/307-24-03.png
307-24-04	307	711	1995	1108	2138	../KWS-competition/cropped_words/307-24-04.png
307-24-05	307	1062	2001	1294	2119	../KWS-competition/cropped_words/307-24-05.png
307-24-06	307	1244	2001	1684	2120	../KWS-competition/cropped_words/307-24-06.png
307-25-01	307	711	2097	962	2233	../KWS-competition/cropped_words/307-25-01.png
307-25-02	307	928	2118	1099	2179	../KWS-competition/cropped_words/307-25-02.png
307-25-03	307	1067	2118	1384	2180	../KWS-competition/cropped_words/307-25-03.png
307-25-04	307	1364	2119	1460	2180	../KWS-competition/cropped_words/307-25-04.png
307-25-05	307	1448	2119	1724	2181	../KWS-competition/cropped_words/307-25-05.png
307-25-06	307	1684	2101	1853	2181	../KWS-competition/cropped_words/307-25-06.png
307-25-07	307	1824	2121	1956	2181	../KWS-competition/cropped_words/307-25-07.png
307-26-01	307	169	2198	392	2320	../KWS-competition/cropped_words/307-26-01.png
307-26-02	307	360	2180	720	2280	../KWS-competition/cropped_words/307-26-02.png
307-26-03	307	665	2179	938	2280	../KWS-competition/cropped_words/307-26-03.png
307-26-04	307	892	2179	1204	2280	../KWS-competition/cropped_words/307-26-04.png
307-26-05	307	1173	2179	1430	2281	../KWS-competition/cropped_words/307-26-05.png
307-26-06	307	1420	2180	1563	2281	../KWS-competition/cropped_words/307-26-06.png
307-26-07	307	1521	2180	1710	2281	../KWS-competition/cropped_words/307-26-07.png
307-26-08	307	1704	2181	1781	2281	../KWS-competition/cropped_words/307-26-08.png
307-26-09	307	1760	2181	1874	2281	../KWS-competition/cropped_words/307-26-09.png
307-26-10	307	1871	2181	1956	2281	../KWS-competition/cropped_words/307-26-10.png
307-27-01	307	181	2280	394	2355	../KWS-competition/cropped_words/307-27-01.png
307-27-02	307	336	2260	566	2368	../KWS-competition/cropped_words/307-27-02.png
307-27-03	307	503	2280	728	2396	../KWS-competition/cropped_words/307-27-03.png
307-27-04	307	719	2280	956	2357	../KWS-competition/cropped_words/307-27-04.png
307-27-05	307	907	2280	1119	2358	../KWS-competition/cropped_words/307-27-05.png
307-27-06	307	1079	2280	1203	2358	../KWS-competition/cropped_words/307-27-06.png
307-27-07	307	1179	2280	1533	2359	../KWS-competition/cropped_words/307-27-07.png
307-27-08	307	1489	2281	1682	2360	../KWS-competition/cropped_words/307-27-08.png
307-27-09	307	1642	2281	1874	2361	../KWS-competition/cropped_words/307-27-09.png
307-27-10	307	1851	2281	1949	2381	../KWS-competition/cropped_words/307-27-10.png
307-28-01	307	194	2355	519	2472	../KWS-competition/cropped_words/307-28-01.png
307-28-02	307	496	2356	618	2453	../KWS-competition/cropped_words/307-28-02.png
307-28-03	307	573	2356	887	2473	../KWS-competition/cropped_words/307-28-03.png
307-28-04	307	841	2357	1159	2474	../KWS-competition/cropped_words/307-28-04.png
307-28-05	307	1213	2339	1353	2456	../KWS-competition/cropped_words/307-28-05.png
307-28-06	307	1299	2359	1493	2476	../KWS-competition/cropped_words/307-28-06.png
307-28-07	307	1452	2359	1589	2456	../KWS-competition/cropped_words/307-28-07.png
307-28-08	307	1527	2360	1714	2457	../KWS-competition/cropped_words/307-28-08.png
307-28-09	307	1702	2360	1883	2458	../KWS-competition/cropped_words/307-28-09.png
307-29-01	307	182	2451	471	2535	../KWS-competition/cropped_words/307-29-01.png
307-29-02	307	463	2452	711	2535	../KWS-competition/cropped_words/307-29-02.png
307-29-03	307	690	2453	875	2555	../KWS-competition/cropped_words/307-29-03.png
307-29-04	307	865	2454	1021	2535	../KWS-competition/cropped_words/307-29-04.png
307-29-05	307	1011	2454	1121	2535	../KWS-competition/cropped_words/307-29-05.png
307-29-06	307	1114	2455	1257	2535	../KWS-competition/cropped_words/307-29-06.png
307-29-07	307	1250	2455	1457	2536	../KWS-competition/cropped_words/307-29-07.png
307-29-08	307	1445	2456	1752	2536	../KWS-competition/cropped_words/307-29-08.png
307-29-09	307	1715	2457	1934	2536	../KWS-competition/cropped_words/307-29-09.png
307-30-01	307	173	2535	412	2630	../KWS-competition/cropped_words/307-30-01.png
307-30-02	307	400	2535	546	2610	../KWS-competition/cropped_words/307-30-02.png
307-30-03	307	486	2535	883	2631	../KWS-competition/cropped_words/307-30-03.png
307-30-04	307	848	2535	1092	2611	../KWS-competition/cropped_words/307-30-04.png
307-30-05	307	1060	2535	1588	2632	../KWS-competition/cropped_words/307-30-05.png
307-30-06	307	1585	2536	1806	2612	../KWS-competition/cropped_words/307-30-06.png
307-30-07	307	1776	2536	1870	2632	../KWS-competition/cropped_words/307-30-07.png
307-30-08	307	1866	2536	1962	2613	../KWS-competition/cropped_words/307-30-08.png
307-31-01	307	174	2610	626	2716	../KWS-competition/cropped_words/307-31-01.png
307-31-02	307	591	2591	1055	2736	../KWS-competition/cropped_words/307-31-02.png
307-31-03	307	1051	2611	1271	2696	../KWS-competition/cropped_words/307-31-03.png
307-31-04	307	1227	2612	1568	2713	../KWS-competition/cropped_words/307-31-04.png
307-31-05	307	1562	2612	1677	2697	../KWS-competition/cropped_words/307-31-05.png
307-31-06	307	1611	2612	1834	2713	../KWS-competition/cropped_words/307-31-06.png
307-31-07	307	1831	2612	1946	2697	../KWS-competition/cropped_words/307-31-07.png
307-32-01	307	168	2696	481	2800	../KWS-competition/cropped_words/307-32-01.png
307-32-02	307	458	2696	672	2802	../KWS-competition/cropped_words/307-32-02.png
307-32-03	307	655	2696	886	2782	../KWS-competition/cropped_words/307-32-03.png
307-33-01	307	473	2782	1063	2863	../KWS-competition/cropped_words/307-33-01.png
307-33-02	307	1034	2778	1455	2864	../KWS-competition/cropped_words/307-33-02.png
307-33-03	307	1432	2792	1550	2864	../KWS-competition/cropped_words/307-33-03.png
307-33-04	307	1533	2796	1721	2864	../KWS-competition/cropped_words/307-33-04.png
307-35-01	307	62	2898	175	3025	../KWS-competition/cropped_words/307-35-01.png
307-35-02	307	164	2921	304	3025	../KWS-competition/cropped_words/307-35-02.png
307-35-03	307	287	2921	587	3053	../KWS-competition/cropped_words/307-35-03.png
307-35-04	307	542	2923	881	3036	../KWS-competition/cropped_words/307-35-04.png
307-35-05	307	878	2933	1168	3038	../KWS-competition/cropped_words/307-35-05.png
307-35-06	307	1142	2939	1399	3039	../KWS-competition/cropped_words/307-35-06.png
307-35-07	307	1382	2940	1467	3040	../KWS-competition/cropped_words/307-35-07.png
307-35-08	307	1437	2941	1566	3040	../KWS-competition/cropped_words/307-35-08.png
307-35-09	307	1525	2941	1810	3061	../KWS-competition/cropped_words/307-35-09.png
307-36-01	307	306	3032	669	3130	../KWS-competition/cropped_words/307-36-01.png
307-36-02	307	637	3034	742	3105	../KWS-competition/cropped_words/307-36-02.png
307-36-03	307	719	3035	888	3106	../KWS-competition/cropped_words/307-36-03.png
307-36-04	307	881	3036	1210	3109	../KWS-competition/cropped_words/307-36-04.png
307-36-05	307	1161	3038	1349	3110	../KWS-competition/cropped_words/307-36-05.png
307-36-06	307	1317	3039	1444	3109	../KWS-competition/cropped_words/307-36-06.png
307-36-07	307	1421	3040	1550	3109	../KWS-competition/cropped_words/307-36-07.png
307-36-08	307	1541	3040	1727	3109	../KWS-competition/cropped_words/307-36-08.png
307-36-09	307	1713	3042	1823	3108	../KWS-competition/cropped_words/307-36-09.png
307-36-10	307	1786	3042	1896	3108	../KWS-competition/cropped_words/307-36-10.png
307-36-11	307	1867	3067	1961	3108	../KWS-competition/cropped_words/307-36-11.png
308-01-01	308	34	108	223	191	../KWS-competition/cropped_words/308-01-01.png
308-01-02	308	191	79	514	192	../KWS-competition/cropped_words/308-01-02.png
308-01-03	308	486	111	767	194	../KWS-competition/cropped_words/308-01-03.png
308-01-04	308	731	111	969	196	../KWS-competition/cropped_words/308-01-04.png
308-01-05	308	928	102	1493	200	../KWS-competition/cropped_words/308-01-05.png
308-01-06	308	1460	114	1801	202	../KWS-competition/cropped_words/308-01-06.png
308-01-07	308	1788	138	1925	207	../KWS-competition/cropped_words/308-01-07.png
308-03-01	308	223	287	540	371	../KWS-competition/cropped_words/308-03-01.png
308-03-02	308	487	287	673	372	../KWS-competition/cropped_words/308-03-02.png
308-03-03	308	663	289	931	374	../KWS-competition/cropped_words/308-03-03.png
308-03-04	308	879	289	1083	375	../KWS-competition/cropped_words/308-03-04.png
308-03-05	308	1026	291	1346	376	../KWS-competition/cropped_words/308-03-05.png
308-03-06	308	1307	295	1444	397	../KWS-competition/cropped_words/308-03-06.png
308-03-07	308	1374	295	1538	378	../KWS-competition/cropped_words/308-03-07.png
308-03-08	308	1517	297	1762	379	../KWS-competition/cropped_words/308-03-08.png
308-03-09	308	1712	303	1889	380	../KWS-competition/cropped_words/308-03-09.png
308-04-01	308	213	370	347	457	../KWS-competition/cropped_words/308-04-01.png
308-04-02	308	346	370	544	458	../KWS-competition/cropped_words/308-04-02.png
308-04-03	308	537	372	652	459	../KWS-competition/cropped_words/308-04-03.png
308-04-04	308	639	372	872	461	../KWS-competition/cropped_words/308-04-04.png
308-04-05	308	834	374	952	461	../KWS-competition/cropped_words/308-04-05.png
308-04-06	308	922	374	1047	462	../KWS-competition/cropped_words/308-04-06.png
308-04-07	308	1015	375	1269	464	../KWS-competition/cropped_words/308-04-07.png
308-04-08	308	1259	376	1421	465	../KWS-competition/cropped_words/308-04-08.png
308-04-09	308	1380	377	1628	466	../KWS-competition/cropped_words/308-04-09.png
308-04-10	308	1603	378	1899	469	../KWS-competition/cropped_words/308-04-10.png
308-05-01	308	214	456	314	541	../KWS-competition/cropped_words/308-05-01.png
308-05-02	308	287	457	507	561	../KWS-competition/cropped_words/308-05-02.png
308-05-03	308	502	458	803	544	../KWS-competition/cropped_words/308-05-03.png
308-05-04	308	842	441	995	545	../KWS-competition/cropped_words/308-05-04.png
308-05-05	308	919	462	1143	546	../KWS-competition/cropped_words/308-05-05.png
308-05-06	308	1139	463	1235	546	../KWS-competition/cropped_words/308-05-06.png
308-05-07	308	1212	464	1355	547	../KWS-competition/cropped_words/308-05-07.png
308-05-08	308	1348	446	1545	548	../KWS-competition/cropped_words/308-05-08.png
308-05-09	308	1544	466	1803	556	../KWS-competition/cropped_words/308-05-09.png
308-05-10	308	1741	468	1896	569	../KWS-competition/cropped_words/308-05-10.png
308-06-01	308	213	541	376	635	../KWS-competition/cropped_words/308-06-01.png
308-06-02	308	348	542	603	636	../KWS-competition/cropped_words/308-06-02.png
308-06-03	308	561	543	734	637	../KWS-competition/cropped_words/308-06-03.png
308-06-04	308	673	544	1010	657	../KWS-competition/cropped_words/308-06-04.png
308-06-05	308	974	545	1341	659	../KWS-competition/cropped_words/308-06-05.png
308-06-06	308	1332	547	1469	641	../KWS-competition/cropped_words/308-06-06.png
308-06-07	308	1392	548	1705	661	../KWS-competition/cropped_words/308-06-07.png
308-06-08	308	1687	549	1755	643	../KWS-competition/cropped_words/308-06-08.png
308-06-09	308	1755	550	1906	643	../KWS-competition/cropped_words/308-06-09.png
308-07-01	308	192	615	471	730	../KWS-competition/cropped_words/308-07-01.png
308-07-02	308	442	636	821	713	../KWS-competition/cropped_words/308-07-02.png
308-07-03	308	787	618	942	714	../KWS-competition/cropped_words/308-07-03.png
308-07-04	308	873	638	1216	735	../KWS-competition/cropped_words/308-07-04.png
308-07-05	308	1206	640	1336	716	../KWS-competition/cropped_words/308-07-05.png
308-07-06	308	1297	640	1528	737	../KWS-competition/cropped_words/308-07-06.png
308-07-07	308	1515	641	1710	718	../KWS-competition/cropped_words/308-07-07.png
308-07-08	308	1706	642	1787	718	../KWS-competition/cropped_words/308-07-08.png
308-07-09	308	1774	643	1918	719	../KWS-competition/cropped_words/308-07-09.png
308-08-01	308	192	711	485	817	../KWS-competition/cropped_words/308-08-01.png
308-08-02	308	462	712	805	799	../KWS-competition/cropped_words/308-08-02.png
308-08-03	308	773	713	954	819	../KWS-competition/cropped_words/308-08-03.png
308-08-04	308	928	714	1074	800	../KWS-competition/cropped_words/308-08-04.png
308-08-05	308	1068	715	1176	801	../KWS-competition/cropped_words/308-08-05.png
308-08-06	308	1160	715	1284	801	../KWS-competition/cropped_words/308-08-06.png
308-08-07	308	1282	716	1462	802	../KWS-competition/cropped_words/308-08-07.png
308-08-08	308	1435	717	1717	803	../KWS-competition/cropped_words/308-08-08.png
308-08-09	308	1692	718	1841	804	../KWS-competition/cropped_words/308-08-09.png
308-09-01	308	194	796	416	881	../KWS-competition/cropped_words/308-09-01.png
308-09-02	308	406	797	551	901	../KWS-competition/cropped_words/308-09-02.png
308-09-03	308	487	798	643	882	../KWS-competition/cropped_words/308-09-03.png
308-09-04	308	635	798	931	883	../KWS-competition/cropped_words/308-09-04.png
308-09-05	308	919	799	1104	883	../KWS-competition/cropped_words/308-09-05.png
308-09-06	308	1076	800	1320	884	../KWS-competition/cropped_words/308-09-06.png
308-09-07	308	1269	801	1559	905	../KWS-competition/cropped_words/308-09-07.png
308-09-08	308	1507	802	1673	885	../KWS-competition/cropped_words/308-09-08.png
308-09-09	308	1640	803	1875	886	../KWS-competition/cropped_words/308-09-09.png
308-10-01	308	198	880	323	990	../KWS-competition/cropped_words/308-10-01.png
308-10-02	308	257	881	552	990	../KWS-competition/cropped_words/308-10-02.png
308-10-03	308	541	881	773	970	../KWS-competition/cropped_words/308-10-03.png
308-10-04	308	769	882	1120	991	../KWS-competition/cropped_words/308-10-04.png
308-10-05	308	1115	883	1357	991	../KWS-competition/cropped_words/308-10-05.png
308-10-06	308	1326	884	1482	971	../KWS-competition/cropped_words/308-10-06.png
308-10-07	308	1414	885	1859	991	../KWS-competition/cropped_words/308-10-07.png
308-11-01	308	208	970	346	1076	../KWS-competition/cropped_words/308-11-01.png
308-11-02	308	337	970	623	1064	../KWS-competition/cropped_words/308-11-02.png
308-11-03	308	568	970	727	1065	../KWS-competition/cropped_words/308-11-03.png
308-11-04	308	719	970	844	1065	../KWS-competition/cropped_words/308-11-04.png
308-11-05	308	802	971	939	1065	../KWS-competition/cropped_words/308-11-05.png
308-11-06	308	911	971	1110	1085	../KWS-competition/cropped_words/308-11-06.png
308-11-07	308	1070	971	1265	1066	../KWS-competition/cropped_words/308-11-07.png
308-11-08	308	1236	971	1568	1067	../KWS-competition/cropped_words/308-11-08.png
308-11-09	308	1536	971	1841	1087	../KWS-competition/cropped_words/308-11-09.png
308-12-01	308	616	1065	798	1174	../KWS-competition/cropped_words/308-12-01.png
308-12-02	308	792	1065	914	1134	../KWS-competition/cropped_words/308-12-02.png
308-12-03	308	914	1065	1021	1134	../KWS-competition/cropped_words/308-12-03.png
308-12-04	308	973	1065	1100	1134	../KWS-competition/cropped_words/308-12-04.png
308-12-05	308	1059	1066	1232	1154	../KWS-competition/cropped_words/308-12-05.png
308-12-06	308	1217	1066	1486	1155	../KWS-competition/cropped_words/308-12-06.png
308-12-07	308	1455	1066	1582	1155	../KWS-competition/cropped_words/308-12-07.png
308-12-08	308	1528	1067	1682	1135	../KWS-competition/cropped_words/308-12-08.png
308-12-09	308	1661	1067	1825	1136	../KWS-competition/cropped_words/308-12-09.png
308-13-01	308	199	1140	440	1243	../KWS-competition/cropped_words/308-13-01.png
308-13-02	308	425	1134	831	1224	../KWS-competition/cropped_words/308-13-02.png
308-13-03	308	768	1134	973	1225	../KWS-competition/cropped_words/308-13-03.png
308-13-04	308	951	1134	1111	1225	../KWS-competition/cropped_words/308-13-04.png
308-13-05	308	1095	1134	1414	1246	../KWS-competition/cropped_words/308-13-05.png
308-13-06	308	1400	1135	1621	1226	../KWS-competition/cropped_words/308-13-06.png
308-13-07	308	1575	1135	1721	1227	../KWS-competition/cropped_words/308-13-07.png
308-13-08	308	1705	1135	1857	1227	../KWS-competition/cropped_words/308-13-08.png
308-14-01	308	199	1223	300	1308	../KWS-competition/cropped_words/308-14-01.png
308-14-02	308	272	1223	511	1309	../KWS-competition/cropped_words/308-14-02.png
308-14-03	308	460	1224	771	1310	../KWS-competition/cropped_words/308-14-03.png
308-14-04	308	741	1224	842	1310	../KWS-competition/cropped_words/308-14-04.png
308-14-05	308	798	1225	1038	1331	../KWS-competition/cropped_words/308-14-05.png
308-14-06	308	994	1225	1174	1312	../KWS-competition/cropped_words/308-14-06.png
308-14-07	308	1139	1226	1370	1312	../KWS-competition/cropped_words/308-14-07.png
308-14-08	308	1362	1226	1573	1313	../KWS-competition/cropped_words/308-14-08.png
308-14-09	308	1528	1226	1650	1313	../KWS-competition/cropped_words/308-14-09.png
308-14-10	308	1625	1227	1858	1314	../KWS-competition/cropped_words/308-14-10.png
308-15-01	308	199	1308	501	1418	../KWS-competition/cropped_words/308-15-01.png
308-15-02	308	467	1309	564	1399	../KWS-competition/cropped_words/308-15-02.png
308-15-03	308	534	1309	826	1400	../KWS-competition/cropped_words/308-15-03.png
308-15-04	308	889	1291	1056	1412	../KWS-competition/cropped_words/308-15-04.png
308-15-05	308	966	1311	1207	1420	../KWS-competition/cropped_words/308-15-05.png
308-15-06	308	1207	1312	1433	1402	../KWS-competition/cropped_words/308-15-06.png
308-15-07	308	1405	1313	1603	1402	../KWS-competition/cropped_words/308-15-07.png
308-15-08	308	1597	1313	1762	1403	../KWS-competition/cropped_words/308-15-08.png
308-15-09	308	1705	1314	1837	1403	../KWS-competition/cropped_words/308-15-09.png
308-16-01	308	196	1398	683	1501	../KWS-competition/cropped_words/308-16-01.png
308-16-02	308	662	1399	1104	1482	../KWS-competition/cropped_words/308-16-02.png
308-16-03	308	1069	1401	1201	1483	../KWS-competition/cropped_words/308-16-03.png
308-16-04	308	1187	1401	1385	1484	../KWS-competition/cropped_words/308-16-04.png
308-16-05	308	1368	1402	1676	1485	../KWS-competition/cropped_words/308-16-05.png
308-16-06	308	1630	1402	1773	1505	../KWS-competition/cropped_words/308-16-06.png
308-16-07	308	1747	1383	1910	1486	../KWS-competition/cropped_words/308-16-07.png
308-17-01	308	192	1479	373	1568	../KWS-competition/cropped_words/308-17-01.png
308-17-02	308	318	1480	450	1568	../KWS-competition/cropped_words/308-17-02.png
308-17-03	308	426	1480	545	1568	../KWS-competition/cropped_words/308-17-03.png
308-17-04	308	517	1480	857	1568	../KWS-competition/cropped_words/308-17-04.png
308-17-05	308	837	1482	958	1569	../KWS-competition/cropped_words/308-17-05.png
308-17-06	308	933	1482	1193	1569	../KWS-competition/cropped_words/308-17-06.png
308-17-07	308	1159	1483	1459	1589	../KWS-competition/cropped_words/308-17-07.png
308-17-08	308	1435	1484	1592	1569	../KWS-competition/cropped_words/308-17-08.png
308-17-09	308	1568	1484	1762	1570	../KWS-competition/cropped_words/308-17-09.png
308-17-10	308	1753	1485	1920	1570	../KWS-competition/cropped_words/308-17-10.png
308-18-01	308	189	1568	404	1653	../KWS-competition/cropped_words/308-18-01.png
308-18-02	308	379	1568	500	1653	../KWS-competition/cropped_words/308-18-02.png
308-18-03	308	491	1568	756	1654	../KWS-competition/cropped_words/308-18-03.png
308-18-04	308	752	1568	910	1654	../KWS-competition/cropped_words/308-18-04.png
308-18-05	308	887	1569	1013	1655	../KWS-competition/cropped_words/308-18-05.png
308-18-06	308	996	1569	1119	1655	../KWS-competition/cropped_words/308-18-06.png
308-18-07	308	1090	1569	1244	1675	../KWS-competition/cropped_words/308-18-07.png
308-18-08	308	1184	1569	1377	1676	../KWS-competition/cropped_words/308-18-08.png
308-18-09	308	1350	1569	1489	1676	../KWS-competition/cropped_words/308-18-09.png
308-18-10	308	1421	1569	1562	1657	../KWS-competition/cropped_words/308-18-10.png
308-18-11	308	1561	1569	1862	1658	../KWS-competition/cropped_words/308-18-11.png
308-19-01	308	188	1652	517	1740	../KWS-competition/cropped_words/308-19-01.png
308-19-02	308	456	1653	747	1741	../KWS-competition/cropped_words/308-19-02.png
308-19-03	308	673	1654	919	1762	../KWS-competition/cropped_words/308-19-03.png
308-19-04	308	899	1655	1102	1752	../KWS-competition/cropped_words/308-19-04.png
308-19-05	308	1022	1655	1285	1764	../KWS-competition/cropped_words/308-19-05.png
308-19-06	308	1281	1668	1325	1746	../KWS-competition/cropped_words/308-19-06.png
308-19-07	308	1322	1656	1437	1747	../KWS-competition/cropped_words/308-19-07.png
308-19-08	308	1380	1656	1683	1749	../KWS-competition/cropped_words/308-19-08.png
308-19-09	308	1642	1657	1764	1749	../KWS-competition/cropped_words/308-19-09.png
308-19-10	308	1705	1658	1912	1751	../KWS-competition/cropped_words/308-19-10.png
308-20-01	308	187	1738	267	1826	../KWS-competition/cropped_words/308-20-01.png
308-20-02	308	240	1738	506	1828	../KWS-competition/cropped_words/308-20-02.png
308-20-03	308	453	1740	545	1828	../KWS-competition/cropped_words/308-20-03.png
308-20-04	308	537	1721	947	1831	../KWS-competition/cropped_words/308-20-04.png
308-20-05	308	895	1743	1158	1831	../KWS-competition/cropped_words/308-20-05.png
308-20-06	308	1112	1745	1307	1829	../KWS-competition/cropped_words/308-20-06.png
308-20-07	308	1277	1746	1371	1829	../KWS-competition/cropped_words/308-20-07.png
308-20-08	308	1343	1746	1504	1829	../KWS-competition/cropped_words/308-20-08.png
308-20-09	308	1491	1748	1707	1851	../KWS-competition/cropped_words/308-20-09.png
308-20-10	308	1697	1749	1897	1837	../KWS-competition/cropped_words/308-20-10.png
308-21-01	308	187	1826	332	1923	../KWS-competition/cropped_words/308-21-01.png
308-21-02	308	232	1827	611	1942	../KWS-competition/cropped_words/308-21-02.png
308-21-03	308	589	1829	733	1926	../KWS-competition/cropped_words/308-21-03.png
308-21-04	308	662	1830	927	1928	../KWS-competition/cropped_words/308-21-04.png
308-22-01	308	588	1906	924	2043	../KWS-competition/cropped_words/308-22-01.png
308-22-02	308	885	1909	1019	1993	../KWS-competition/cropped_words/308-22-02.png
308-22-03	308	984	1910	1549	1996	../KWS-competition/cropped_words/308-22-03.png
308-22-04	308	1526	1923	1644	1982	../KWS-competition/cropped_words/308-22-04.png
308-23-01	308	637	1991	1053	2075	../KWS-competition/cropped_words/308-23-01.png
308-23-02	308	1022	1975	1179	2075	../KWS-competition/cropped_words/308-23-02.png
308-23-03	308	1113	1995	1321	2075	../KWS-competition/cropped_words/308-23-03.png
308-25-01	308	43	2137	196	2254	../KWS-competition/cropped_words/308-25-01.png
308-25-02	308	136	2140	307	2256	../KWS-competition/cropped_words/308-25-02.png
308-25-03	308	259	2149	566	2256	../KWS-competition/cropped_words/308-25-03.png
308-25-04	308	554	2147	854	2255	../KWS-competition/cropped_words/308-25-04.png
308-25-05	308	848	2146	1153	2263	../KWS-competition/cropped_words/308-25-05.png
308-25-06	308	1112	2145	1252	2253	../KWS-competition/cropped_words/308-25-06.png
308-25-07	308	1191	2145	1376	2253	../KWS-competition/cropped_words/308-25-07.png
308-25-08	308	1348	2151	1747	2283	../KWS-competition/cropped_words/308-25-08.png
308-26-01	308	423	2235	909	2375	../KWS-competition/cropped_words/308-26-01.png
308-27-01	308	610	2329	766	2429	../KWS-competition/cropped_words/308-27-01.png
308-27-02	308	715	2333	916	2429	../KWS-competition/cropped_words/308-27-02.png
308-27-03	308	904	2343	1023	2429	../KWS-competition/cropped_words/308-27-03.png
308-27-04	308	996	2343	1171	2428	../KWS-competition/cropped_words/308-27-04.png
308-27-05	308	1136	2345	1403	2468	../KWS-competition/cropped_words/308-27-05.png
308-27-06	308	1372	2345	1613	2428	../KWS-competition/cropped_words/308-27-06.png
308-27-07	308	1594	2344	1721	2427	../KWS-competition/cropped_words/308-27-07.png
308-28-01	308	137	2430	360	2511	../KWS-competition/cropped_words/308-28-01.png
308-28-02	308	326	2429	574	2511	../KWS-competition/cropped_words/308-28-02.png
308-28-03	308	535	2428	976	2511	../KWS-competition/cropped_words/308-28-03.png
308-28-04	308	947	2428	1282	2527	../KWS-competition/cropped_words/308-28-04.png
308-28-05	308	1195	2427	1441	2547	../KWS-competition/cropped_words/308-28-05.png
308-28-06	308	1425	2427	1592	2511	../KWS-competition/cropped_words/308-28-06.png
308-28-07	308	1574	2407	1684	2511	../KWS-competition/cropped_words/308-28-07.png
308-28-08	308	1656	2427	1900	2511	../KWS-competition/cropped_words/308-28-08.png
308-29-01	308	134	2511	310	2604	../KWS-competition/cropped_words/308-29-01.png
308-29-02	308	252	2511	473	2624	../KWS-competition/cropped_words/308-29-02.png
308-29-03	308	424	2511	926	2624	../KWS-competition/cropped_words/308-29-03.png
308-29-04	308	905	2511	1130	2604	../KWS-competition/cropped_words/308-29-04.png
308-29-05	308	1089	2511	1334	2605	../KWS-competition/cropped_words/308-29-05.png
308-29-06	308	1298	2511	1461	2605	../KWS-competition/cropped_words/308-29-06.png
308-29-07	308	1394	2511	1814	2625	../KWS-competition/cropped_words/308-29-07.png
308-29-08	308	1780	2511	1895	2605	../KWS-competition/cropped_words/308-29-08.png
308-30-01	308	130	2604	330	2721	../KWS-competition/cropped_words/308-30-01.png
308-30-02	308	317	2604	572	2701	../KWS-competition/cropped_words/308-30-02.png
308-30-03	308	547	2604	793	2693	../KWS-competition/cropped_words/308-30-03.png
308-30-04	308	726	2604	1204	2701	../KWS-competition/cropped_words/308-30-04.png
308-30-05	308	1163	2604	1524	2702	../KWS-competition/cropped_words/308-30-05.png
308-30-06	308	1497	2605	1596	2682	../KWS-competition/cropped_words/308-30-06.png
308-30-07	308	1572	2605	1900	2682	../KWS-competition/cropped_words/308-30-07.png
308-31-01	308	127	2681	260	2761	../KWS-competition/cropped_words/308-31-01.png
308-31-02	308	326	2681	580	2813	../KWS-competition/cropped_words/308-31-02.png
308-31-03	308	552	2681	719	2761	../KWS-competition/cropped_words/308-31-03.png
308-31-04	308	699	2681	842	2779	../KWS-competition/cropped_words/308-31-04.png
308-31-05	308	763	2681	1170	2801	../KWS-competition/cropped_words/308-31-05.png
308-31-06	308	1080	2681	1469	2807	../KWS-competition/cropped_words/308-31-06.png
308-31-07	308	1414	2682	1611	2781	../KWS-competition/cropped_words/308-31-07.png
308-31-08	308	1607	2682	1846	2761	../KWS-competition/cropped_words/308-31-08.png
308-32-01	308	121	2761	373	2852	../KWS-competition/cropped_words/308-32-01.png
308-32-02	308	315	2761	569	2889	../KWS-competition/cropped_words/308-32-02.png
308-32-03	308	534	2761	842	2853	../KWS-competition/cropped_words/308-32-03.png
308-32-04	308	776	2761	1027	2871	../KWS-competition/cropped_words/308-32-04.png
308-32-05	308	982	2761	1117	2852	../KWS-competition/cropped_words/308-32-05.png
308-32-06	308	1111	2761	1488	2872	../KWS-competition/cropped_words/308-32-06.png
308-32-07	308	1451	2761	1589	2872	../KWS-competition/cropped_words/308-32-07.png
308-32-08	308	1579	2761	1725	2852	../KWS-competition/cropped_words/308-32-08.png
308-32-09	308	1711	2761	1875	2853	../KWS-competition/cropped_words/308-32-09.png
308-33-01	308	115	2851	357	2966	../KWS-competition/cropped_words/308-33-01.png
308-33-02	308	333	2851	545	2947	../KWS-competition/cropped_words/308-33-02.png
308-33-03	308	501	2851	745	2967	../KWS-competition/cropped_words/308-33-03.png
308-33-04	308	734	2851	987	2948	../KWS-competition/cropped_words/308-33-04.png
308-33-05	308	985	2852	1162	2968	../KWS-competition/cropped_words/308-33-05.png
308-33-06	308	1113	2852	1375	2948	../KWS-competition/cropped_words/308-33-06.png
308-33-07	308	1290	2852	1551	2968	../KWS-competition/cropped_words/308-33-07.png
308-33-08	308	1519	2852	1863	2950	../KWS-competition/cropped_words/308-33-08.png
308-34-01	308	116	2946	294	3023	../KWS-competition/cropped_words/308-34-01.png
308-34-02	308	292	2946	409	3031	../KWS-competition/cropped_words/308-34-02.png
308-34-03	308	342	2946	725	3043	../KWS-competition/cropped_words/308-34-03.png
308-34-04	308	713	2947	848	3025	../KWS-competition/cropped_words/308-34-04.png
308-34-05	308	831	2947	1118	3027	../KWS-competition/cropped_words/308-34-05.png
308-34-06	308	1086	2928	1324	3028	../KWS-competition/cropped_words/308-34-06.png
308-34-07	308	1303	2949	1405	3028	../KWS-competition/cropped_words/308-34-07.png
308-34-08	308	1389	2949	1812	3050	../KWS-competition/cropped_words/308-34-08.png
308-35-01	308	120	3022	500	3125	../KWS-competition/cropped_words/308-35-01.png
308-35-02	308	458	3024	624	3125	../KWS-competition/cropped_words/308-35-02.png
308-35-03	308	599	3024	781	3107	../KWS-competition/cropped_words/308-35-03.png
308-35-04	308	757	3025	1105	3128	../KWS-competition/cropped_words/308-35-04.png
308-35-05	308	1062	3027	1258	3111	../KWS-competition/cropped_words/308-35-05.png
308-35-06	308	1249	3028	1538	3132	../KWS-competition/cropped_words/308-35-06.png
308-35-07	308	1481	3029	1612	3128	../KWS-competition/cropped_words/308-35-07.png
308-35-08	308	1583	3010	1725	3114	../KWS-competition/cropped_words/308-35-08.png
308-35-09	308	1710	3011	1921	3123	../KWS-competition/cropped_words/308-35-09.png
309-01-01	309	1706	67	1941	131	../KWS-competition/cropped_words/309-01-01.png
309-02-01	309	139	93	433	220	../KWS-competition/cropped_words/309-02-01.png
309-02-02	309	413	128	709	224	../KWS-competition/cropped_words/309-02-02.png
309-02-03	309	677	124	930	227	../KWS-competition/cropped_words/309-02-03.png
309-02-04	309	881	124	1426	236	../KWS-competition/cropped_words/309-02-04.png
309-02-05	309	1410	120	1779	240	../KWS-competition/cropped_words/309-02-05.png
309-02-06	309	1768	119	1938	233	../KWS-competition/cropped_words/309-02-06.png
309-04-01	309	654	279	917	428	../KWS-competition/cropped_words/309-04-01.png
309-04-02	309	875	285	1037	411	../KWS-competition/cropped_words/309-04-02.png
309-04-03	309	978	286	1571	417	../KWS-competition/cropped_words/309-04-03.png
309-04-04	309	1537	293	1653	406	../KWS-competition/cropped_words/309-04-04.png
309-05-01	309	674	389	1129	484	../KWS-competition/cropped_words/309-05-01.png
309-05-02	309	1098	374	1291	485	../KWS-competition/cropped_words/309-05-02.png
309-05-03	309	1213	399	1467	487	../KWS-competition/cropped_words/309-05-03.png
309-07-01	309	45	517	197	641	../KWS-competition/cropped_words/309-07-01.png
309-07-02	309	142	539	310	648	../KWS-competition/cropped_words/309-07-02.png
309-07-03	309	277	553	735	668	../KWS-competition/cropped_words/309-07-03.png
309-07-04	309	683	536	988	648	../KWS-competition/cropped_words/309-07-04.png
309-07-05	309	954	557	1324	648	../KWS-competition/cropped_words/309-07-05.png
309-07-06	309	1301	559	1454	688	../KWS-competition/cropped_words/309-07-06.png
309-07-07	309	1396	560	1561	648	../KWS-competition/cropped_words/309-07-07.png
309-08-01	309	513	635	950	770	../KWS-competition/cropped_words/309-08-01.png
309-08-02	309	914	648	1420	770	../KWS-competition/cropped_words/309-08-02.png
309-09-01	309	634	730	879	851	../KWS-competition/cropped_words/309-09-01.png
309-09-02	309	864	730	1028	814	../KWS-competition/cropped_words/309-09-02.png
309-09-03	309	1016	729	1524	838	../KWS-competition/cropped_words/309-09-03.png
309-09-04	309	1507	751	1728	839	../KWS-competition/cropped_words/309-09-04.png
309-09-05	309	1724	754	1954	841	../KWS-competition/cropped_words/309-09-05.png
309-10-01	309	165	808	435	923	../KWS-competition/cropped_words/309-10-01.png
309-10-02	309	378	814	500	904	../KWS-competition/cropped_words/309-10-02.png
309-10-03	309	487	811	755	925	../KWS-competition/cropped_words/309-10-03.png
309-10-04	309	743	812	859	907	../KWS-competition/cropped_words/309-10-04.png
309-10-05	309	823	813	1240	910	../KWS-competition/cropped_words/309-10-05.png
309-10-06	309	1237	816	1482	919	../KWS-competition/cropped_words/309-10-06.png
309-10-07	309	1435	818	1631	932	../KWS-competition/cropped_words/309-10-07.png
309-10-08	309	1589	819	1776	914	../KWS-competition/cropped_words/309-10-08.png
309-10-09	309	1757	820	1950	915	../KWS-competition/cropped_words/309-10-09.png
309-11-01	309	163	901	348	990	../KWS-competition/cropped_words/309-11-01.png
309-11-02	309	343	903	617	994	../KWS-competition/cropped_words/309-11-02.png
309-11-03	309	610	905	1029	1022	../KWS-competition/cropped_words/309-11-03.png
309-11-04	309	1024	908	1200	990	../KWS-competition/cropped_words/309-11-04.png
309-11-05	309	1172	910	1452	990	../KWS-competition/cropped_words/309-11-05.png
309-11-06	309	1413	912	1674	1007	../KWS-competition/cropped_words/309-11-06.png
309-11-07	309	1654	913	1895	996	../KWS-competition/cropped_words/309-11-07.png
309-12-01	309	696	982	816	1069	../KWS-competition/cropped_words/309-12-01.png
309-12-02	309	748	1000	923	1068	../KWS-competition/cropped_words/309-12-02.png
309-12-03	309	917	1003	1013	1068	../KWS-competition/cropped_words/309-12-03.png
309-13-01	309	1176	1062	1395	1167	../KWS-competition/cropped_words/309-13-01.png
309-13-02	309	1374	1083	1570	1163	../KWS-competition/cropped_words/309-13-02.png
309-13-03	309	1517	1087	1646	1165	../KWS-competition/cropped_words/309-13-03.png
309-13-04	309	1630	1094	1857	1173	../KWS-competition/cropped_words/309-13-04.png
309-14-01	309	259	1147	895	1248	../KWS-competition/cropped_words/309-14-01.png
309-14-02	309	873	1157	1304	1252	../KWS-competition/cropped_words/309-14-02.png
309-14-03	309	1272	1157	1409	1253	../KWS-competition/cropped_words/309-14-03.png
309-14-04	309	1366	1159	1552	1255	../KWS-competition/cropped_words/309-14-04.png
309-15-01	309	169	1242	373	1335	../KWS-competition/cropped_words/309-15-01.png
309-15-02	309	329	1243	510	1336	../KWS-competition/cropped_words/309-15-02.png
309-15-03	309	457	1244	702	1358	../KWS-competition/cropped_words/309-15-03.png
309-15-04	309	660	1246	860	1341	../KWS-competition/cropped_words/309-15-04.png
309-15-05	309	828	1248	990	1342	../KWS-competition/cropped_words/309-15-05.png
309-15-06	309	951	1249	1476	1348	../KWS-competition/cropped_words/309-15-06.png
309-15-07	309	1431	1254	1617	1347	../KWS-competition/cropped_words/309-15-07.png
309-15-08	309	1599	1255	1875	1340	../KWS-competition/cropped_words/309-15-08.png
309-16-01	309	173	1333	396	1428	../KWS-competition/cropped_words/309-16-01.png
309-16-02	309	341	1336	456	1429	../KWS-competition/cropped_words/309-16-02.png
309-16-03	309	437	1336	756	1432	../KWS-competition/cropped_words/309-16-03.png
309-16-04	309	756	1340	867	1433	../KWS-competition/cropped_words/309-16-04.png
309-16-05	309	821	1341	1024	1435	../KWS-competition/cropped_words/309-16-05.png
309-16-06	309	1011	1343	1219	1436	../KWS-competition/cropped_words/309-16-06.png
309-18-01	309	27	1458	159	1573	../KWS-competition/cropped_words/309-18-01.png
309-18-02	309	169	1485	467	1577	../KWS-competition/cropped_words/309-18-02.png
309-18-03	309	419	1489	911	1591	../KWS-competition/cropped_words/309-18-03.png
309-18-04	309	963	1491	1471	1596	../KWS-competition/cropped_words/309-18-04.png
309-18-05	309	1423	1501	1768	1599	../KWS-competition/cropped_words/309-18-05.png
309-18-06	309	1761	1509	1857	1600	../KWS-competition/cropped_words/309-18-06.png
309-18-07	309	1822	1514	1948	1601	../KWS-competition/cropped_words/309-18-07.png
309-19-01	309	677	1590	826	1670	../KWS-competition/cropped_words/309-19-01.png
309-19-02	309	786	1590	1095	1673	../KWS-competition/cropped_words/309-19-02.png
309-19-03	309	1088	1573	1221	1674	../KWS-competition/cropped_words/309-19-03.png
309-19-04	309	1182	1594	1362	1690	../KWS-competition/cropped_words/309-19-04.png
309-19-05	309	1260	1595	1535	1701	../KWS-competition/cropped_words/309-19-05.png
309-19-06	309	1505	1597	1646	1678	../KWS-competition/cropped_words/309-19-06.png
309-19-07	309	1620	1598	1950	1681	../KWS-competition/cropped_words/309-19-07.png
309-20-01	309	192	1668	389	1777	../KWS-competition/cropped_words/309-20-01.png
309-20-02	309	362	1668	503	1778	../KWS-competition/cropped_words/309-20-02.png
309-20-03	309	442	1669	616	1760	../KWS-competition/cropped_words/309-20-03.png
309-20-04	309	574	1669	993	1763	../KWS-competition/cropped_words/309-20-04.png
309-20-05	309	885	1672	1095	1765	../KWS-competition/cropped_words/309-20-05.png
309-20-06	309	1074	1673	1208	1766	../KWS-competition/cropped_words/309-20-06.png
309-20-07	309	1177	1675	1320	1768	../KWS-competition/cropped_words/309-20-07.png
309-20-08	309	1303	1676	1506	1769	../KWS-competition/cropped_words/309-20-08.png
309-20-09	309	1464	1677	1585	1790	../KWS-competition/cropped_words/309-20-09.png
309-20-10	309	1570	1678	1712	1772	../KWS-competition/cropped_words/309-20-10.png
309-20-11	309	1706	1679	1944	1775	../KWS-competition/cropped_words/309-20-11.png
309-21-01	309	192	1755	417	1845	../KWS-competition/cropped_words/309-21-01.png
309-21-02	309	414	1758	599	1847	../KWS-competition/cropped_words/309-21-02.png
309-21-03	309	555	1760	884	1850	../KWS-competition/cropped_words/309-21-03.png
309-21-04	309	859	1763	1107	1853	../KWS-competition/cropped_words/309-21-04.png
309-21-05	309	1081	1766	1549	1878	../KWS-competition/cropped_words/309-21-05.png
309-21-06	309	1524	1771	1723	1860	../KWS-competition/cropped_words/309-21-06.png
309-21-07	309	1719	1772	1933	1863	../KWS-competition/cropped_words/309-21-07.png
309-22-01	309	193	1842	342	1955	../KWS-competition/cropped_words/309-22-01.png
309-22-02	309	334	1844	567	1939	../KWS-competition/cropped_words/309-22-02.png
309-22-03	309	561	1847	667	1940	../KWS-competition/cropped_words/309-22-03.png
309-22-04	309	789	1850	972	1943	../KWS-competition/cropped_words/309-22-04.png
309-22-05	309	953	1852	1214	1947	../KWS-competition/cropped_words/309-22-05.png
309-22-06	309	1207	1855	1308	1947	../KWS-competition/cropped_words/309-22-06.png
309-22-07	309	1272	1856	1407	1949	../KWS-competition/cropped_words/309-22-07.png
309-22-08	309	1400	1857	1606	1951	../KWS-competition/cropped_words/309-22-08.png
309-22-09	309	1576	1859	1731	1953	../KWS-competition/cropped_words/309-22-09.png
309-22-10	309	1720	1860	1927	1955	../KWS-competition/cropped_words/309-22-10.png
309-23-01	309	194	1935	376	2007	../KWS-competition/cropped_words/309-23-01.png
309-23-02	309	357	1937	547	2009	../KWS-competition/cropped_words/309-23-02.png
309-23-03	309	509	1939	1046	2013	../KWS-competition/cropped_words/309-23-03.png
309-23-04	309	1005	1926	1192	2015	../KWS-competition/cropped_words/309-23-04.png
309-23-05	309	1170	1946	1563	2018	../KWS-competition/cropped_words/309-23-05.png
309-23-06	309	1553	1951	1852	2020	../KWS-competition/cropped_words/309-23-06.png
309-23-07	309	1849	1954	1933	2019	../KWS-competition/cropped_words/309-23-07.png
309-24-01	309	189	2006	427	2109	../KWS-competition/cropped_words/309-24-01.png
309-24-02	309	372	2008	543	2109	../KWS-competition/cropped_words/309-24-02.png
309-24-03	309	525	2009	904	2112	../KWS-competition/cropped_words/309-24-03.png
309-24-04	309	869	2012	1015	2112	../KWS-competition/cropped_words/309-24-04.png
309-24-05	309	991	2013	1222	2114	../KWS-competition/cropped_words/309-24-05.png
309-24-06	309	1182	2015	1407	2115	../KWS-competition/cropped_words/309-24-06.png
309-24-07	309	1405	2017	1626	2116	../KWS-competition/cropped_words/309-24-07.png
309-26-01	309	33	2134	169	2252	../KWS-competition/cropped_words/309-26-01.png
309-26-02	309	220	2163	499	2263	../KWS-competition/cropped_words/309-26-02.png
309-26-03	309	468	2175	885	2273	../KWS-competition/cropped_words/309-26-03.png
309-26-04	309	875	2159	1420	2277	../KWS-competition/cropped_words/309-26-04.png
309-26-05	309	1397	2183	1768	2280	../KWS-competition/cropped_words/309-26-05.png
309-26-06	309	1736	2186	1848	2280	../KWS-competition/cropped_words/309-26-06.png
309-26-07	309	1822	2191	1951	2281	../KWS-competition/cropped_words/309-26-07.png
309-27-01	309	678	2272	824	2349	../KWS-competition/cropped_words/309-27-01.png
309-27-02	309	784	2273	1115	2352	../KWS-competition/cropped_words/309-27-02.png
309-27-03	309	1085	2275	1190	2352	../KWS-competition/cropped_words/309-27-03.png
309-27-04	309	1161	2275	1303	2353	../KWS-competition/cropped_words/309-27-04.png
309-27-05	309	1265	2276	1415	2354	../KWS-competition/cropped_words/309-27-05.png
309-27-06	309	1365	2277	1657	2356	../KWS-competition/cropped_words/309-27-06.png
309-27-07	309	1637	2279	1836	2397	../KWS-competition/cropped_words/309-27-07.png
309-27-08	309	1822	2280	1950	2359	../KWS-competition/cropped_words/309-27-08.png
309-28-01	309	187	2354	366	2465	../KWS-competition/cropped_words/309-28-01.png
309-28-02	309	362	2353	527	2446	../KWS-competition/cropped_words/309-28-02.png
309-28-03	309	451	2348	841	2449	../KWS-competition/cropped_words/309-28-03.png
309-28-04	309	797	2350	1320	2472	../KWS-competition/cropped_words/309-28-04.png
309-28-05	309	1299	2354	1449	2454	../KWS-competition/cropped_words/309-28-05.png
309-28-06	309	1377	2355	1558	2456	../KWS-competition/cropped_words/309-28-06.png
309-28-07	309	1546	2356	1887	2459	../KWS-competition/cropped_words/309-28-07.png
309-28-08	309	1861	2358	1950	2457	../KWS-competition/cropped_words/309-28-08.png
309-29-01	309	185	2444	396	2524	../KWS-competition/cropped_words/309-29-01.png
309-29-02	309	362	2446	531	2526	../KWS-competition/cropped_words/309-29-02.png
309-29-03	309	482	2428	655	2528	../KWS-competition/cropped_words/309-29-03.png
309-29-04	309	649	2448	857	2530	../KWS-competition/cropped_words/309-29-04.png
309-29-05	309	834	2450	924	2531	../KWS-competition/cropped_words/309-29-05.png
309-29-06	309	909	2450	1131	2533	../KWS-competition/cropped_words/309-29-06.png
309-29-07	309	1128	2452	1296	2535	../KWS-competition/cropped_words/309-29-07.png
309-29-08	309	1281	2454	1807	2549	../KWS-competition/cropped_words/309-29-08.png
309-30-01	309	263	2505	627	2651	../KWS-competition/cropped_words/309-30-01.png
309-30-02	309	601	2509	784	2613	../KWS-competition/cropped_words/309-30-02.png
309-30-03	309	749	2529	970	2654	../KWS-competition/cropped_words/309-30-03.png
309-30-04	309	938	2531	1146	2637	../KWS-competition/cropped_words/309-30-04.png
309-30-05	309	1123	2533	1288	2618	../KWS-competition/cropped_words/309-30-05.png
309-30-06	309	1227	2535	1643	2639	../KWS-competition/cropped_words/309-30-06.png
309-30-07	309	1613	2539	1697	2623	../KWS-competition/cropped_words/309-30-07.png
309-30-08	309	1678	2540	1764	2624	../KWS-competition/cropped_words/309-30-08.png
309-30-09	309	1757	2540	1853	2625	../KWS-competition/cropped_words/309-30-09.png
309-30-10	309	1832	2541	1950	2627	../KWS-competition/cropped_words/309-30-10.png
309-31-01	309	188	2607	487	2697	../KWS-competition/cropped_words/309-31-01.png
309-31-02	309	466	2590	652	2699	../KWS-competition/cropped_words/309-31-02.png
309-31-03	309	615	2612	826	2701	../KWS-competition/cropped_words/309-31-03.png
309-31-04	309	766	2614	889	2721	../KWS-competition/cropped_words/309-31-04.png
309-31-05	309	881	2615	1005	2703	../KWS-competition/cropped_words/309-31-05.png
309-31-06	309	936	2616	1304	2706	../KWS-competition/cropped_words/309-31-06.png
309-31-07	309	1269	2619	1506	2709	../KWS-competition/cropped_words/309-31-07.png
309-31-08	309	1483	2604	1707	2711	../KWS-competition/cropped_words/309-31-08.png
309-31-09	309	1679	2624	1874	2713	../KWS-competition/cropped_words/309-31-09.png
309-31-10	309	1830	2626	1939	2714	../KWS-competition/cropped_words/309-31-10.png
309-32-01	309	172	2675	373	2776	../KWS-competition/cropped_words/309-32-01.png
309-32-02	309	300	2696	540	2779	../KWS-competition/cropped_words/309-32-02.png
309-32-03	309	488	2698	657	2780	../KWS-competition/cropped_words/309-32-03.png
309-32-04	309	624	2699	899	2802	../KWS-competition/cropped_words/309-32-04.png
309-32-05	309	971	2703	1144	2786	../KWS-competition/cropped_words/309-32-05.png
309-32-06	309	1137	2705	1619	2810	../KWS-competition/cropped_words/309-32-06.png
309-32-07	309	1601	2710	1688	2791	../KWS-competition/cropped_words/309-32-07.png
309-32-08	309	1674	2711	1774	2792	../KWS-competition/cropped_words/309-32-08.png
309-32-09	309	1763	2712	1932	2794	../KWS-competition/cropped_words/309-32-09.png
309-33-01	309	172	2775	329	2883	../KWS-competition/cropped_words/309-33-01.png
309-33-02	309	284	2777	455	2868	../KWS-competition/cropped_words/309-33-02.png
309-33-03	309	450	2778	707	2872	../KWS-competition/cropped_words/309-33-03.png
309-33-04	309	654	2781	796	2875	../KWS-competition/cropped_words/309-33-04.png
309-33-05	309	750	2782	1016	2880	../KWS-competition/cropped_words/309-33-05.png
309-33-06	309	987	2784	1107	2901	../KWS-competition/cropped_words/309-33-06.png
309-33-07	309	1091	2785	1257	2885	../KWS-competition/cropped_words/309-33-07.png
309-33-08	309	1205	2787	1464	2889	../KWS-competition/cropped_words/309-33-08.png
309-33-09	309	1412	2789	1743	2897	../KWS-competition/cropped_words/309-33-09.png
309-33-10	309	1730	2792	1928	2901	../KWS-competition/cropped_words/309-33-10.png
309-34-01	309	142	2862	345	2964	../KWS-competition/cropped_words/309-34-01.png
309-34-02	309	309	2865	448	2949	../KWS-competition/cropped_words/309-34-02.png
309-34-03	309	413	2868	556	2952	../KWS-competition/cropped_words/309-34-03.png
309-34-04	309	551	2852	750	2955	../KWS-competition/cropped_words/309-34-04.png
309-34-05	309	859	2858	1066	2961	../KWS-competition/cropped_words/309-34-05.png
309-34-06	309	1010	2863	1416	2970	../KWS-competition/cropped_words/309-34-06.png
309-34-07	309	1398	2889	1588	2973	../KWS-competition/cropped_words/309-34-07.png
309-34-08	309	1575	2875	1798	2977	../KWS-competition/cropped_words/309-34-08.png
309-34-09	309	1742	2898	1936	2981	../KWS-competition/cropped_words/309-34-09.png
309-35-01	309	141	2944	292	3036	../KWS-competition/cropped_words/309-35-01.png
309-35-02	309	256	2946	513	3038	../KWS-competition/cropped_words/309-35-02.png
309-35-03	309	468	2951	628	3039	../KWS-competition/cropped_words/309-35-03.png
309-35-04	309	590	2934	853	3049	../KWS-competition/cropped_words/309-35-04.png
309-35-05	309	831	2958	953	3042	../KWS-competition/cropped_words/309-35-05.png
309-35-06	309	950	2960	1226	3042	../KWS-competition/cropped_words/309-35-06.png
309-35-07	309	1216	2966	1392	3042	../KWS-competition/cropped_words/309-35-07.png
309-35-08	309	1384	2970	1715	3042	../KWS-competition/cropped_words/309-35-08.png
309-35-09	309	1707	2976	1819	3042	../KWS-competition/cropped_words/309-35-09.png
309-35-10	309	1793	2978	1923	3043	../KWS-competition/cropped_words/309-35-10.png
309-36-01	309	163	3035	662	3132	../KWS-competition/cropped_words/309-36-01.png
309-36-02	309	637	3027	865	3125	../KWS-competition/cropped_words/309-36-02.png
